,TAX_MAP,plat,lot,unit,CLASS,SHORT_DESC,LEVY_CODE_1,LEVY CODE DESC,CIVIC,STREET,SUFFIX,FORMATED_ADDRESS,CITY,ZIP_POSTAL,OWNER FIRST_NAME,OWNER LAST_NAME,owner,OWNER FORMATTED ADDRESS,OWNER NUMBER,OWNER STREET,OWNER SUFFIX,OWNER UNIT,OWNER CITY,OWNER STATE,OWNER ZIP,TOTAL ASSESSMENT,TOTAL EXEMPTION,TOTAL TAXES,PROPERTY LOCATION,OWNER LOCATION,Latitude,Longitude,Address
2739,010-0357-0000,0,0,0,23,Residential Condo,R01,RE Tax,181.0,Bowen,St,181 Bowen St,Providence,02906,,,Brown University,"Attn: Lidia Pierce, Director of Finance",,PO Box 1902,,,Providence,RI,02912,45100,0.0,1107.68,181 Bowen St,"Attn: Lidia Pierce, Director of Finance",41.8307815,-71.403479,"181, Bowen Street, College Hill, Providence, Providence County, Rhode Island, 02906, United States"
3060,012-0234-0000,0,0,0,13,Residential Vacant Land,R01,RE Tax,51.0,College,St,51 College St,Providence,02903,,,Brown University,"Attn: Lidia Pierce, Director of Finance",,PO Box 1902,,,Providence,RI,02912,93700,0.0,2301.28,51 College St,"Attn: Lidia Pierce, Director of Finance",41.825749571428574,-71.40727926530612,"51, College Street, College Hill, Providence, Providence County, Rhode Island, 02903, United States"
3180,013-0185-0003,0,0,0,23,Residential Condo,R01,RE Tax,199.0,Hope,St,199 Hope St,Providence,02906,,,Brown University,"Attn: Lidia Pierce, Director of Finance",,PO Box 1902,,,Providence,RI,02912,986100,0.0,24218.64,199 Hope St,"Attn: Lidia Pierce, Director of Finance",41.830101,-71.346965,"199, Hope Street, East Providence Center, East Providence, Providence County, Rhode Island, 02916, United States"
3916,016-0534-0000,0,0,0,2,2 -5 Family,R01,RE Tax,126.0,Power,St,126 Power St,Providence,02906,,,Brown University,"Attn: Lidia Pierce, Director of Finance",,PO Box 1902,,,Providence,RI,02912,436400,0.0,10718.0,126 Power St,"Attn: Lidia Pierce, Director of Finance",41.823312200990216,-71.39668060363687,"126, Power Street, College Hill, Providence, Providence County, Rhode Island, 02912, United States"
36445,007-0003-0000,0,0,0,79,School,E01,Non Residential Exempt,346.0,Elmgrove,Ave,346 Elmgrove Ave,Providence,,,,Brown University,"Attn: Lidia Pierce, Director of Finance",,PO Box 1902,,,Providence,RI,02912,255400,255400.0,,346 Elmgrove Ave,"Attn: Lidia Pierce, Director of Finance",,,
36446,007-0008-0000,0,0,0,79,School,E01,Non Residential Exempt,425.0,Elmgrove,Ave,425 Elmgrove Ave,Providence,02906,,,Brown University,"Attn: Lidia Pierce, Director of Finance",,PO Box 1902,,,Providence,RI,02912,161500,161500.0,,425 Elmgrove Ave,"Attn: Lidia Pierce, Director of Finance",41.8435072,-71.3924298,"425, Elmgrove Avenue, Blackstone, Providence, Providence County, Rhode Island, 02906, United States"
36449,007-0088-0000,0,0,0,79,School,E01,Non Residential Exempt,22.0,Aldrich,Ter,22 Aldrich Ter,Providence,02906,,,Brown University,"Attn: Lidia Pierce, Director of Finance",,PO Box 1902,,,Providence,RI,02912,63600,63600.0,,22 Aldrich Ter,"Attn: Lidia Pierce, Director of Finance",41.84358366666667,-71.394355,"22, Aldrich Terrace, Blackstone, Providence, Providence County, Rhode Island, 02906, United States"
36450,007-0089-0000,0,0,0,79,School,E01,Non Residential Exempt,28.0,Aldrich,Ter,28 Aldrich Ter,Providence,02906,,,Brown University,"Attn: Lidia Pierce, Director of Finance",,PO Box 1902,,,Providence,RI,02912,58800,58800.0,,28 Aldrich Ter,"Attn: Lidia Pierce, Director of Finance",41.843567666666665,-71.3943625,"28, Aldrich Terrace, Blackstone, Providence, Providence County, Rhode Island, 02906, United States"
36451,007-0090-0000,0,0,0,79,School,E01,Non Residential Exempt,32.0,Aldrich,Ter,32 Aldrich Ter,Providence,02906,,,Brown University,"Attn: Lidia Pierce, Director of Finance",,PO Box 1902,,,Providence,RI,02912,61600,61600.0,,32 Aldrich Ter,"Attn: Lidia Pierce, Director of Finance",41.843557000000004,-71.3943675,"32, Aldrich Terrace, Blackstone, Providence, Providence County, Rhode Island, 02906, United States"
36452,007-0091-0000,0,0,0,79,School,E01,Non Residential Exempt,33.0,Aldrich,Ter,33 Aldrich Ter,Providence,02906,,,Brown University,"Attn: Lidia Pierce, Director of Finance",,PO Box 1902,,,Providence,RI,02912,57300,57300.0,,33 Aldrich Ter,"Attn: Lidia Pierce, Director of Finance",41.84360840816326,-71.39457618367346,"33, Aldrich Terrace, Blackstone, Providence, Providence County, Rhode Island, 02906, United States"
36453,007-0092-0000,0,0,0,79,School,E01,Non Residential Exempt,29.0,Aldrich,Ter,29 Aldrich Ter,Providence,02906,,,Brown University,"Attn: Lidia Pierce, Director of Finance",,PO Box 1902,,,Providence,RI,02912,57000,57000.0,,29 Aldrich Ter,"Attn: Lidia Pierce, Director of Finance",41.84361885714286,-71.39457128571428,"29, Aldrich Terrace, Blackstone, Providence, Providence County, Rhode Island, 02906, United States"
36454,007-0093-0000,0,0,0,79,School,E01,Non Residential Exempt,25.0,Aldrich,Ter,25 Aldrich Ter,Providence,02906,,,Brown University,"Attn: Lidia Pierce, Director of Finance",,PO Box 1902,,,Providence,RI,02912,57000,57000.0,,25 Aldrich Ter,"Attn: Lidia Pierce, Director of Finance",41.843629306122445,-71.3945663877551,"25, Aldrich Terrace, Blackstone, Providence, Providence County, Rhode Island, 02906, United States"
36455,007-0094-0000,0,0,0,79,School,E01,Non Residential Exempt,19.0,Aldrich,Ter,19 Aldrich Ter,Providence,02906,,,Brown University,"Attn: Lidia Pierce, Director of Finance",,PO Box 1902,,,Providence,RI,02912,57800,57800.0,,19 Aldrich Ter,"Attn: Lidia Pierce, Director of Finance",41.843644979591836,-71.39455904081632,"19, Aldrich Terrace, Blackstone, Providence, Providence County, Rhode Island, 02906, United States"
36473,008-0265-0000,0,0,0,79,School,E01,Non Residential Exempt,210.0,Doyle,Ave,210 Doyle Ave,Providence,02906,,,Brown University,"Attn: Lidia Pierce, Director of Finance",,PO Box 1902,,,Providence,RI,02912,835200,835200.0,,210 Doyle Ave,"Attn: Lidia Pierce, Director of Finance",41.83887567322274,-71.39948872037267,"210, Doyle Avenue, Blackstone, Providence, Providence County, Rhode Island, 02906, United States"
36474,008-0267-0000,0,0,0,79,School,E01,Non Residential Exempt,206.0,Doyle,Ave,206 Doyle Ave,Providence,02906,,,Brown University,"Attn: Lidia Pierce, Director of Finance",,PO Box 1902,,,Providence,RI,02912,60500,60500.0,,206 Doyle Ave,"Attn: Lidia Pierce, Director of Finance",41.83887592703265,-71.39967146350953,"206, Doyle Avenue, Blackstone, Providence, Providence County, Rhode Island, 02906, United States"
36515,010-0227-0000,0,0,0,79,School,E01,Non Residential Exempt,61.0,Congdon,St,61 Congdon St,Providence,02906,,,Brown University,"Attn: Lidia Pierce, Director of Finance",,PO Box 1902,,,Providence,RI,02912,66700,66700.0,,61 Congdon St,"Attn: Lidia Pierce, Director of Finance",41.829993,-71.40681950000001,"61, Congdon Street, College Hill, Providence, Providence County, Rhode Island, 02906, United States"
36516,010-0229-0000,0,0,0,79,School,E01,Non Residential Exempt,80.0,Prospect,St,80 Prospect St,Providence,02906,,,Brown University,"Attn: Lidia Pierce, Director of Finance",,PO Box 1902,,,Providence,RI,02912,2661600,2661600.0,,80 Prospect St,"Attn: Lidia Pierce, Director of Finance",41.87242077811913,-71.37955785003948,"80, Prospect Street, Pawtucket, Providence County, Rhode Island, 02860, United States"
36530,010-0284-0000,0,0,0,79,School,E01,Non Residential Exempt,84.0,Brown,St,84 Brown St,Providence,02906,,,Brown University,"Attn: Lidia Pierce, Director of Finance",,PO Box 1902,,,Providence,RI,02912,1053900,1053900.0,,84 Brown St,"Attn: Lidia Pierce, Director of Finance",41.82512771463111,-71.40263135146044,"84, Brown Street, College Hill, Providence, Providence County, Rhode Island, 02912, United States"
36533,010-0333-0000,0,0,0,79,School,E01,Non Residential Exempt,91.0,Brown,St,91 Brown St,Providence,02906,,,Brown University,"Attn: Lidia Pierce, Director of Finance",,PO Box 1902,,,Providence,RI,02912,637100,637100.0,,91 Brown St,"Attn: Lidia Pierce, Director of Finance",41.82517871446993,-71.40263445411223,"91, Brown Street, College Hill, Providence, Providence County, Rhode Island, 02912, United States"
36534,010-0347-0000,0,0,0,79,School,E01,Non Residential Exempt,85.0,Prospect,St,85 Prospect St,Providence,02906,,,Brown University,"Attn: Lidia Pierce, Director of Finance",,PO Box 1902,,,Providence,RI,02912,5718500,5718500.0,,85 Prospect St,"Attn: Lidia Pierce, Director of Finance",41.87223201052672,-71.37965743435271,"85, Prospect Street, Pawtucket, Providence County, Rhode Island, 02860, United States"
36540,010-0542-0000,0,0,0,79,School,E01,Non Residential Exempt,85.0,Prospect,St,85 Prospect St,Providence,02906,,,Brown University,"Attn: Lidia Pierce, Director of Finance",,PO Box 1902,,,Providence,RI,02912,67800,67800.0,,85 Prospect St,"Attn: Lidia Pierce, Director of Finance",41.87223201052672,-71.37965743435271,"85, Prospect Street, Pawtucket, Providence County, Rhode Island, 02860, United States"
36542,010-0577-LB01,0,0,0,79,School,E01,Non Residential Exempt,300.0,Thayer,St,300 Thayer St,Providence,02903,,,Brown University,"Attn: Lidia Pierce, Director of Finance",,PO Box 1902,,,Providence,RI,02912,3522900,3522900.0,,300 Thayer St,"Attn: Lidia Pierce, Director of Finance",41.8301736,-71.4010379,"Blue State Coffee, 300, Thayer Street, College Hill, Providence, Providence County, Rhode Island, 02912, United States"
36543,010-0577-LL01,0,0,0,79,School,E01,Non Residential Exempt,300.0,Thayer,St,300 Thayer St,Providence,02906,,,Brown University,"Attn: Lidia Pierce, Director of Finance",,PO Box 1902,,,Providence,RI,02912,3748400,3748400.0,,300 Thayer St,"Attn: Lidia Pierce, Director of Finance",41.8301736,-71.4010379,"Blue State Coffee, 300, Thayer Street, College Hill, Providence, Providence County, Rhode Island, 02912, United States"
36545,010-0580-0000,0,0,0,79,School,E01,Non Residential Exempt,219.0,Bowen,St,219 Bowen St,Providence,02906,,,Brown University,"Attn: Lidia Pierce, Director of Finance",,PO Box 1902,,,Providence,RI,02912,1026100,1026100.0,,219 Bowen St,"Attn: Lidia Pierce, Director of Finance",41.8305674,-71.40175880615625,"219 Bowen, 219, Bowen Street, College Hill, Providence, Providence County, Rhode Island, 02912, United States"
36558,010-0704-0000,0,0,0,79,School,E01,Non Residential Exempt,185.0,Meeting,St,185 Meeting St,Providence,02906,,,Brown University,"Attn: Lidia Pierce, Director of Finance",,PO Box 1902,,,Providence,RI,02912,183732100,183732100.0,,185 Meeting St,"Attn: Lidia Pierce, Director of Finance",41.828776950000005,-71.40119547749515,"Sidney Frank Hall, 185, Meeting Street, College Hill, Providence, Providence County, Rhode Island, 02912, United States"
36568,011-0110-0000,0,0,0,79,School,E01,Non Residential Exempt,219.0,Hope,St,219 Hope St,Providence,02906,,,Brown University,"Attn: Lidia Pierce, Director of Finance",,PO Box 1902,,,Providence,RI,02912,5698100,5698100.0,,219 Hope St,"Attn: Lidia Pierce, Director of Finance",41.92243268082068,-71.39067808184203,"219, Hope Street, Valley Falls, Cumberland, Providence County, Rhode Island, 02864, United States"
36591,012-0154-0000,0,0,0,79,School,E01,Non Residential Exempt,45.0,Prospect,St,45 Prospect St,Providence,02906,,,Brown University,"Attn: Lidia Pierce, Director of Finance",,PO Box 1902,,,Providence,RI,02912,3049300,3049300.0,,45 Prospect St,"Attn: Lidia Pierce, Director of Finance",41.82758565,-71.4044369577874,"Corlissâ€“Brackett House, 45, Prospect Street, College Hill, Providence, Providence County, Rhode Island, 02912, United States"
36592,012-0158-0000,0,0,0,79,School,E01,Non Residential Exempt,107.0,Angell,St,107 Angell St,Providence,02906,,,Brown University,"Attn: Lidia Pierce, Director of Finance",,PO Box 1902,,,Providence,RI,02912,14087700,14087700.0,,107 Angell St,"Attn: Lidia Pierce, Director of Finance",41.99215966886592,-71.51121053013442,"107, Angell Street, Bernon Heights, Woonsocket, Providence County, Rhode Island, 02895, United States"
36593,012-0159-0000,0,0,0,79,School,E01,Non Residential Exempt,121.0,Angell,St,121 Angell St,Providence,02906,,,Brown University,"Attn: Lidia Pierce, Director of Finance",,PO Box 1902,,,Providence,RI,02912,8168400,8168400.0,,121 Angell St,"Attn: Lidia Pierce, Director of Finance",41.99203579636361,-71.51117450470218,"121, Angell Street, Bernon Heights, Woonsocket, Providence County, Rhode Island, 02895, United States"
36594,012-0159-0000,0,0,0,79,School,E01,Non Residential Exempt,69.0,BROWN,St,121 Angell St,,,,,Brown University,"Attn: Lidia Pierce, Director of Finance",,PO Box 1902,,,Providence,RI,02912,8168400,8168400.0,,69 BROWN St,"Attn: Lidia Pierce, Director of Finance",,,
36595,012-0161-0000,0,0,0,79,School,E01,Non Residential Exempt,129.0,Angell,St,129 Angell St,Providence,02906,,,Brown University,"Attn: Lidia Pierce, Director of Finance",,PO Box 1902,,,Providence,RI,02912,596600,596600.0,,129 Angell St,"Attn: Lidia Pierce, Director of Finance",41.82780615,-71.40242410108647,"129, Angell Street, College Hill, Providence, Providence County, Rhode Island, 02912, United States"
36596,012-0162-0000,0,0,0,79,School,E01,Non Residential Exempt,135.0,Angell,St,135 Angell St,Providence,02906,,,Brown University,"Attn: Lidia Pierce, Director of Finance",,PO Box 1902,,,Providence,RI,02912,829100,829100.0,,135 Angell St,"Attn: Lidia Pierce, Director of Finance",41.8276738,-71.40219274874536,"Urban Environmental Lab, 135, Angell Street, College Hill, Providence, Providence County, Rhode Island, 02912, United States"
36597,012-0164-0000,0,0,0,79,School,E01,Non Residential Exempt,143.0,Angell,St,143 Angell St,Providence,02906,,,Brown University,"Attn: Lidia Pierce, Director of Finance",,PO Box 1902,,,Providence,RI,02912,238600,238600.0,,143 Angell St,"Attn: Lidia Pierce, Director of Finance",41.99184095636362,-71.51111851619645,"143, Angell Street, Bernon Heights, Woonsocket, Providence County, Rhode Island, 02895, United States"
36598,012-0165-0000,0,0,0,79,School,E01,Non Residential Exempt,147.0,Angell,St,147 Angell St,Providence,02906,,,Brown University,"Attn: Lidia Pierce, Director of Finance",,PO Box 1902,,,Providence,RI,02912,234000,234000.0,,147 Angell St,"Attn: Lidia Pierce, Director of Finance",41.99180553090907,-71.51110833646813,"147, Angell Street, Bernon Heights, Woonsocket, Providence County, Rhode Island, 02895, United States"
36599,012-0167-0000,0,0,0,79,School,E01,Non Residential Exempt,155.0,Angell,St,155 Angell St,Providence,02906,,,Brown University,"Attn: Lidia Pierce, Director of Finance",,PO Box 1902,,,Providence,RI,02912,3023500,3023500.0,,155 Angell St,"Attn: Lidia Pierce, Director of Finance",41.8276426,-71.4014893,"155, Angell Street, College Hill, Providence, Providence County, Rhode Island, 02912, United States"
36601,012-0170-0000,0,0,0,79,School,E01,Non Residential Exempt,167.0,Angell,St,167 Angell St,Providence,02906,,,Brown University,"Attn: Lidia Pierce, Director of Finance",,PO Box 1902,,,Providence,RI,02912,2532600,2532600.0,,167 Angell St,"Attn: Lidia Pierce, Director of Finance",41.82784945,-71.40107210999656,"Hemisphere Building, 167, Angell Street, College Hill, Providence, Providence County, Rhode Island, 02912, United States"
36603,012-0177-0000,0,0,0,79,School,E01,Non Residential Exempt,195.0,Angell,St,195 Angell St,Providence,02906,,,Brown University,"Attn: Lidia Pierce, Director of Finance",,PO Box 1902,,,Providence,RI,02912,2352200,2352200.0,,195 Angell St,"Attn: Lidia Pierce, Director of Finance",41.991380425454544,-71.51098617972832,"195, Angell Street, Bernon Heights, Woonsocket, Providence County, Rhode Island, 02895, United States"
36604,012-0191-0000,0,0,0,79,School,E01,Non Residential Exempt,96.0,Waterman,St,96 Waterman St,Providence,02906,,,Brown University,"Attn: Lidia Pierce, Director of Finance",,PO Box 1902,,,Providence,RI,02912,1371100,1371100.0,,96 Waterman St,"Attn: Lidia Pierce, Director of Finance",41.8274462,-71.40130988252537,"Lippitt House, 96, Waterman Street, College Hill, Providence, Providence County, Rhode Island, 02912, United States"
36605,012-0192-0000,0,0,0,79,School,E01,Non Residential Exempt,94.0,Waterman,St,94 Waterman St,Providence,02906,,,Brown University,"Attn: Lidia Pierce, Director of Finance",,PO Box 1902,,,Providence,RI,02912,1003600,1003600.0,,94 Waterman St,"Attn: Lidia Pierce, Director of Finance",41.8273987,-71.40151902993631,"The Center for the Study of Slavery and Justice (CSSJ), 94, Waterman Street, College Hill, Providence, Providence County, Rhode Island, 02912, United States"
36606,012-0194-0000,0,0,0,79,School,E01,Non Residential Exempt,90.0,Waterman,St,90 Waterman St,Providence,02906,,,Brown University,"Attn: Lidia Pierce, Director of Finance",,PO Box 1902,,,Providence,RI,02912,552000,552000.0,,90 Waterman St,"Attn: Lidia Pierce, Director of Finance",41.8258784,-71.40247586042645,"Friedman Hall, 90, Waterman Street, College Hill, Providence, Providence County, Rhode Island, 02912, United States"
36607,012-0196-0000,0,0,0,79,School,E01,Non Residential Exempt,86.0,Waterman,St,86 Waterman St,Providence,02906,,,Brown University,"Attn: Lidia Pierce, Director of Finance",,PO Box 1902,,,Providence,RI,02912,1615000,1615000.0,,86 Waterman St,"Attn: Lidia Pierce, Director of Finance",41.8273462,-71.40203845254962,"86 Waterman, 86, Waterman Street, College Hill, Providence, Providence County, Rhode Island, 02912, United States"
36608,012-0197-0000,0,0,0,79,School,E01,Non Residential Exempt,84.0,Waterman,St,84 Waterman St,Providence,02906,,,Brown University,"Attn: Lidia Pierce, Director of Finance",,PO Box 1902,,,Providence,RI,02912,406900,406900.0,,84 Waterman St,"Attn: Lidia Pierce, Director of Finance",41.875420444444444,-71.351731,"84, Waterman Street, Pawtucket, Providence County, Rhode Island, 02861, United States"
36609,012-0198-0000,0,0,0,79,School,E01,Non Residential Exempt,82.0,Waterman,St,82 Waterman St,Providence,02906,,,Brown University,"Attn: Lidia Pierce, Director of Finance",,PO Box 1902,,,Providence,RI,02912,1134300,1134300.0,,82 Waterman St,"Attn: Lidia Pierce, Director of Finance",41.827305949999996,-71.40232063674767,"Norwood House, 82, Waterman Street, College Hill, Providence, Providence County, Rhode Island, 02912, United States"
36610,012-0201-0000,0,0,0,79,School,E01,Non Residential Exempt,76.0,Waterman,St,76 Waterman St,Providence,02906,,,Brown University,"Attn: Lidia Pierce, Director of Finance",,PO Box 1902,,,Providence,RI,02912,4871600,4871600.0,,76 Waterman St,"Attn: Lidia Pierce, Director of Finance",41.875421333333335,-71.351863,"76, Waterman Street, Pawtucket, Providence County, Rhode Island, 02861, United States"
36611,012-0203-0000,0,0,0,79,School,E01,Non Residential Exempt,70.0,Waterman,St,70 Waterman St,Providence,02906,,,Brown University,"Attn: Lidia Pierce, Director of Finance",,PO Box 1902,,,Providence,RI,02912,1900200,1900200.0,,70 Waterman St,"Attn: Lidia Pierce, Director of Finance",41.8271655,-71.40382507664776,"70, Waterman Street, College Hill, Providence, Providence County, Rhode Island, 02912, United States"
36612,012-0204-0000,0,0,0,79,School,E01,Non Residential Exempt,68.0,Waterman,St,68 Waterman St,Providence,02906,,,Brown University,"Attn: Lidia Pierce, Director of Finance",,PO Box 1902,,,Providence,RI,02912,2799700,2799700.0,,68 Waterman St,"Attn: Lidia Pierce, Director of Finance",41.827286650000005,-71.40406112218295,"Mencoff Hall, 68, Waterman Street, College Hill, Providence, Providence County, Rhode Island, 02912, United States"
36613,012-0205-0000,0,0,0,79,School,E01,Non Residential Exempt,64.0,Waterman,St,64 Waterman St,Providence,02906,,,Brown University,"Attn: Lidia Pierce, Director of Finance",,PO Box 1902,,,Providence,RI,02912,8219900,8219900.0,,64 Waterman St,"Attn: Lidia Pierce, Director of Finance",41.827209249999996,-71.40439665283864,"Robinson Hall, 64, Waterman Street, College Hill, Providence, Providence County, Rhode Island, 02912, United States"
36616,012-0217-0000,0,0,0,79,School,E01,Non Residential Exempt,48.0,College,St,48 College St,Providence,02903,,,Brown University,"Attn: Lidia Pierce, Director of Finance",,PO Box 1902,,,Providence,RI,02912,1118500,1118500.0,,48 College St,"Attn: Lidia Pierce, Director of Finance",41.82590025,-71.40736572916667,"48, College Street, College Hill, Providence, Providence County, Rhode Island, 02903, United States"
36617,012-0218-0000,0,0,0,76,Library,E01,Non Residential Exempt,54.0,College,St,54 College St,Providence,02903,,,Brown University,"Attn: Lidia Pierce, Director of Finance",,PO Box 1902,,,Providence,RI,02912,1925200,1925200.0,,54 College St,"Attn: Lidia Pierce, Director of Finance",41.8258845,-71.40741004166667,"54, College Street, College Hill, Providence, Providence County, Rhode Island, 02903, United States"
36618,012-0219-0000,0,0,0,79,School,E01,Non Residential Exempt,58.0,College,St,58 College St,Providence,02903,,,Brown University,"Attn: Lidia Pierce, Director of Finance",,PO Box 1902,,,Providence,RI,02912,240400,240400.0,,58 College St,"Attn: Lidia Pierce, Director of Finance",41.825874,-71.40743958333334,"58, College Street, College Hill, Providence, Providence County, Rhode Island, 02903, United States"
36619,012-0220-0000,0,0,0,79,School,E01,Non Residential Exempt,62.0,College,St,62 College St,Providence,02903,,,Brown University,"Attn: Lidia Pierce, Director of Finance",,PO Box 1902,,,Providence,RI,02912,174900,174900.0,,62 College St,"Attn: Lidia Pierce, Director of Finance",41.8258635,-71.407469125,"62, College Street, College Hill, Providence, Providence County, Rhode Island, 02903, United States"
36620,012-0222-0000,0,0,0,76,Library,E01,Non Residential Exempt,72.0,College,St,72 College St,Providence,02903,,,Brown University,"Attn: Lidia Pierce, Director of Finance",,PO Box 1902,,,Providence,RI,02912,29420800,29420800.0,,72 College St,"Attn: Lidia Pierce, Director of Finance",41.82583725,-71.40754297916666,"72, College Street, College Hill, Providence, Providence County, Rhode Island, 02903, United States"
36621,012-0228-0000,0,0,0,79,School,E01,Non Residential Exempt,51.0,Waterman,St,51 Waterman St,Providence,02906,,,Brown University,"Attn: Lidia Pierce, Director of Finance",,PO Box 1902,,,Providence,RI,02912,244900,244900.0,,51 Waterman St,"Attn: Lidia Pierce, Director of Finance",41.875261214285715,-71.35263435714286,"51, Waterman Street, Pawtucket, Providence County, Rhode Island, 02861, United States"
36623,012-0235-0000,0,0,0,79,School,E01,Non Residential Exempt,127.0,Angell,St,127 Angell St,Providence,02906,,,Brown University,"Attn: Lidia Pierce, Director of Finance",,PO Box 1902,,,Providence,RI,02912,605800,605800.0,,127 Angell St,"Attn: Lidia Pierce, Director of Finance",41.827774000000005,-71.40254888276004,"127, Angell Street, College Hill, Providence, Providence County, Rhode Island, 02912, United States"
36625,012-0241-0000,0,0,0,76,Library,E01,Non Residential Exempt,22.0,George,St,22 George St,Providence,02906,,,Brown University,"Attn: Lidia Pierce, Director of Finance",,PO Box 1902,,,Providence,RI,02912,48673100,48673100.0,,22 George St,"Attn: Lidia Pierce, Director of Finance",41.82527889285714,-71.40570199999999,"22, George Street, College Hill, Providence, Providence County, Rhode Island, 02906, United States"
36626,012-0241-0000,0,0,0,76,Library,E01,Non Residential Exempt,10.0,Prospect,St,22 George St,Providence,,,,Brown University,"Attn: Lidia Pierce, Director of Finance",,PO Box 1902,,,Providence,RI,02912,48673100,48673100.0,,10 Prospect St,"Attn: Lidia Pierce, Director of Finance",,,
36628,012-0249-0000,0,0,0,78,Municipal,E01,Non Residential Exempt,1.0,Prospect,St,1 Prospect St,Providence,02906,,,Brown University,"Attn: Lidia Pierce, Director of Finance",,PO Box 1902,,,Providence,RI,02912,145274200,145274200.0,,1 Prospect St,"Attn: Lidia Pierce, Director of Finance",41.8261477,-71.40384783120373,"University Hall, 1, Prospect Street, College Hill, Providence, Providence County, Rhode Island, 02912, United States"
36629,012-0262-0000,0,0,0,79,School,E01,Non Residential Exempt,159.0,George,St,159 George St,Providence,02906,,,Brown University,"Attn: Lidia Pierce, Director of Finance",,PO Box 1902,,,Providence,RI,02912,766600,766600.0,,159 George St,"Attn: Lidia Pierce, Director of Finance",41.8254694,-71.39941776955004,"Meiklejohn House, 159, George Street, College Hill, Providence, Providence County, Rhode Island, 02906, United States"
36630,012-0271-0000,0,0,0,79,School,E01,Non Residential Exempt,115.0,Waterman,St,115 Waterman St,Providence,02906,,,Brown University,"Attn: Lidia Pierce, Director of Finance",,PO Box 1902,,,Providence,RI,02912,38272000,38272000.0,,115 Waterman St,"Attn: Lidia Pierce, Director of Finance",41.826994,-71.3994663,"115, Waterman Street, College Hill, Providence, Providence County, Rhode Island, 02912, United States"
36631,012-0272-0000,0,0,0,79,School,E01,Non Residential Exempt,197.0,Thayer,St,197 Thayer St,Providence,02906,,,Brown University,"Attn: Lidia Pierce, Director of Finance",,PO Box 1902,,,Providence,RI,02912,38306200,38306200.0,,197 Thayer St,"Attn: Lidia Pierce, Director of Finance",41.826195818181816,-71.40032463636364,"197, Thayer Street, College Hill, Providence, Providence County, Rhode Island, 02912, United States"
36632,012-0272-0000,0,0,0,79,School,E01,Non Residential Exempt,201.0,thayer,,197 Thayer St,,,,,Brown University,"Attn: Lidia Pierce, Director of Finance",,PO Box 1902,,,Providence,RI,02912,38306200,38306200.0,,201 thayer,"Attn: Lidia Pierce, Director of Finance",45.155153,-98.58139,"Thayer Street, Northville, Northville Township, Spink County, South Dakota, United States"
36636,012-0306-0000,0,0,0,79,School,E01,Non Residential Exempt,141.0,Thayer,St,141 Thayer St,Providence,02906,,,Brown University,"Attn: Lidia Pierce, Director of Finance",,PO Box 1902,,,Providence,RI,02912,13922500,13922500.0,,141 Thayer St,"Attn: Lidia Pierce, Director of Finance",41.824974526487686,-71.40018657759015,"141, Thayer Street, College Hill, Providence, Providence County, Rhode Island, 02906, United States"
36637,012-0319-0000,0,0,0,79,School,E01,Non Residential Exempt,151.0,Thayer,St,151 Thayer St,Providence,02906,,,Brown University,"Attn: Lidia Pierce, Director of Finance",,PO Box 1902,,,Providence,RI,02912,4519600,4519600.0,,151 Thayer St,"Attn: Lidia Pierce, Director of Finance",41.82511373730049,-71.40020420690705,"151, Thayer Street, College Hill, Providence, Providence County, Rhode Island, 02906, United States"
36638,012-0326-0000,0,0,0,79,School,E01,Non Residential Exempt,14.0,Benevolent,St,14 Benevolent St,Providence,02906,,,Brown University,"Attn: Lidia Pierce, Director of Finance",,PO Box 1902,,,Providence,RI,02912,1198000,1198000.0,,14 Benevolent St,"Attn: Lidia Pierce, Director of Finance",41.824664,-71.404221,"14, Benevolent Street, College Hill, Providence, Providence County, Rhode Island, 02906, United States"
36639,012-0327-0000,0,0,0,79,School,E01,Non Residential Exempt,16.0,Benevolent,St,16 Benevolent St,Providence,02906,,,Brown University,"Attn: Lidia Pierce, Director of Finance",,PO Box 1902,,,Providence,RI,02912,451800,451800.0,,16 Benevolent St,"Attn: Lidia Pierce, Director of Finance",41.824671,-71.403891,"16, Benevolent Street, College Hill, Providence, Providence County, Rhode Island, 02912, United States"
36640,012-0333-0000,0,0,0,79,School,E01,Non Residential Exempt,45.0,George,St,45 George St,Providence,02906,,,Brown University,"Attn: Lidia Pierce, Director of Finance",,PO Box 1902,,,Providence,RI,02912,1874300,1874300.0,,45 George St,"Attn: Lidia Pierce, Director of Finance",41.82515090277264,-71.40494841330874,"45, George Street, College Hill, Providence, Providence County, Rhode Island, 02906, United States"
36641,012-0334-0000,0,0,0,79,School,E01,Non Residential Exempt,43.0,George,St,43 George St,Providence,02906,,,Brown University,"Attn: Lidia Pierce, Director of Finance",,PO Box 1902,,,Providence,RI,02912,240800,240800.0,,43 George St,"Attn: Lidia Pierce, Director of Finance",41.82514932754159,-71.40498346219968,"43, George Street, College Hill, Providence, Providence County, Rhode Island, 02906, United States"
36642,012-0335-0000,0,0,0,79,School,E01,Non Residential Exempt,41.0,George,St,41 George St,Providence,02906,,,Brown University,"Attn: Lidia Pierce, Director of Finance",,PO Box 1902,,,Providence,RI,02912,240600,240600.0,,41 George St,"Attn: Lidia Pierce, Director of Finance",41.825147752310535,-71.40501851109062,"41, George Street, College Hill, Providence, Providence County, Rhode Island, 02906, United States"
36643,012-0337-0000,0,0,0,79,School,E01,Non Residential Exempt,7.0,Bannister,St,7 Bannister St,Providence,02906,,,Brown University,"Attn: Lidia Pierce, Director of Finance",,PO Box 1902,,,Providence,RI,02912,686700,686700.0,,7 Bannister St,"Attn: Lidia Pierce, Director of Finance",41.82474117977118,-71.40395773316135,"7, Bannister Street, College Hill, Providence, Providence County, Rhode Island, 02912, United States"
36644,012-0340-0000,0,0,0,79,School,E01,Non Residential Exempt,59.0,George,St,59 George St,Providence,02906,,,Brown University,"Attn: Lidia Pierce, Director of Finance",,PO Box 1902,,,Providence,RI,02912,2283900,2283900.0,,59 George St,"Attn: Lidia Pierce, Director of Finance",41.825140149999996,-71.40381133228136,"Shirley Miller House, 59, George Street, College Hill, Providence, Providence County, Rhode Island, 02912, United States"
36645,012-0341-0000,0,0,0,79,School,E01,Non Residential Exempt,67.0,George,St,67 George St,Providence,02906,,,Brown University,"Attn: Lidia Pierce, Director of Finance",,PO Box 1902,,,Providence,RI,02912,3003000,3003000.0,,67 George St,"Attn: Lidia Pierce, Director of Finance",41.825107450000004,-71.40355976544586,"67 George, 67, George Street, College Hill, Providence, Providence County, Rhode Island, 02912, United States"
36647,012-0344-0000,0,0,0,79,School,E01,Non Residential Exempt,26.0,Benevolent,St,26 Benevolent St,Providence,,,,Brown University,"Attn: Lidia Pierce, Director of Finance",,PO Box 1902,,,Providence,RI,02912,883500,883500.0,,26 Benevolent St,"Attn: Lidia Pierce, Director of Finance",,,
36648,012-0345-0000,0,0,0,79,School,E01,Non Residential Exempt,22.0,Benevolent,St,22 Benevolent St,Providence,02906,,,Brown University,"Attn: Lidia Pierce, Director of Finance",,PO Box 1902,,,Providence,RI,02912,601100,601100.0,,22 Benevolent St,"Attn: Lidia Pierce, Director of Finance",41.8247297,-71.40312655416596,"22, Benevolent Street, College Hill, Providence, Providence County, Rhode Island, 02912, United States"
36649,012-0346-0000,0,0,0,79,School,E01,Non Residential Exempt,20.0,Benevolent,St,20 Benevolent St,Providence,02906,,,Brown University,"Attn: Lidia Pierce, Director of Finance",,PO Box 1902,,,Providence,RI,02912,1088400,1088400.0,,20 Benevolent St,"Attn: Lidia Pierce, Director of Finance",41.8247239,-71.40330230542071,"20, Benevolent Street, College Hill, Providence, Providence County, Rhode Island, 02912, United States"
36651,012-0370-0000,0,0,0,79,School,E01,Non Residential Exempt,155.0,George,St,155 George St,Providence,02906,,,Brown University,"Attn: Lidia Pierce, Director of Finance",,PO Box 1902,,,Providence,RI,02912,1325900,1325900.0,,155 George St,"Attn: Lidia Pierce, Director of Finance",41.825391749999994,-71.3997009974154,"Brown University Department of Modern Culture and Media, 155, George Street, College Hill, Providence, Providence County, Rhode Island, 02906, United States"
36652,012-0373-0000,0,0,0,79,School,E01,Non Residential Exempt,74.0,Benevolent,St,74 Benevolent St,Providence,02906,,,Brown University,"Attn: Lidia Pierce, Director of Finance",,PO Box 1902,,,Providence,RI,02912,989700,989700.0,,74 Benevolent St,"Attn: Lidia Pierce, Director of Finance",41.82468073752411,-71.4031731026591,"74, Benevolent Street, College Hill, Providence, Providence County, Rhode Island, 02912, United States"
36653,012-0374-0000,0,0,0,79,School,E01,Non Residential Exempt,135.0,Thayer,St,135 Thayer St,Providence,02906,,,Brown University,"Attn: Lidia Pierce, Director of Finance",,PO Box 1902,,,Providence,RI,02912,2669100,2669100.0,,135 Thayer St,"Attn: Lidia Pierce, Director of Finance",41.82495285,-71.40008135964871,"135, Thayer Street, College Hill, Providence, Providence County, Rhode Island, 02912, United States"
36654,012-0389-0000,0,0,0,79,School,E01,Non Residential Exempt,62.0,Benevolent,St,62 Benevolent St,Providence,02906,,,Brown University,"Attn: Lidia Pierce, Director of Finance",,PO Box 1902,,,Providence,RI,02912,220300,220300.0,,62 Benevolent St,"Attn: Lidia Pierce, Director of Finance",41.824933875,-71.3994079375,"62, Benevolent Street, College Hill, Providence, Providence County, Rhode Island, 02906, United States"
36655,012-0415-0000,0,0,0,79,School,E01,Non Residential Exempt,163.0,George,St,163 George St,Providence,02906,,,Brown University,"Attn: Lidia Pierce, Director of Finance",,PO Box 1902,,,Providence,RI,02912,1522400,1522400.0,,163 George St,"Attn: Lidia Pierce, Director of Finance",41.825488,-71.3992279114147,"Hirschfeld House, 163, George Street, College Hill, Providence, Providence County, Rhode Island, 02906, United States"
36657,012-0436-0000,0,0,0,79,School,E01,Non Residential Exempt,310.0,Brook,St,310 Brook St,Providence,02903,,,Brown University,"Attn: Lidia Pierce, Director of Finance",,PO Box 1902,,,Providence,RI,02912,57300,57300.0,,310 Brook St,"Attn: Lidia Pierce, Director of Finance",41.82504352094595,-71.39887175656605,"310, Brook Street, College Hill, Providence, Providence County, Rhode Island, 02906, United States"
36658,012-0452-0000,0,0,0,79,School,E01,Non Residential Exempt,88.0,Waterman,St,88 Waterman St,Providence,02906,,,Brown University,"Attn: Lidia Pierce, Director of Finance",,PO Box 1902,,,Providence,RI,02912,526200,526200.0,,88 Waterman St,"Attn: Lidia Pierce, Director of Finance",41.87542,-71.351665,"88, Waterman Street, Pawtucket, Providence County, Rhode Island, 02861, United States"
36659,012-0455-0000,0,0,0,79,School,E01,Non Residential Exempt,15.0,Charlesfield,St,15 Charlesfield St,Providence,02906,,,Brown University,"Attn: Lidia Pierce, Director of Finance",,PO Box 1902,,,Providence,RI,02912,20439300,20439300.0,,15 Charlesfield St,"Attn: Lidia Pierce, Director of Finance",41.82370928571429,-71.40447442857143,"15, Charlesfield Street, College Hill, Providence, Providence County, Rhode Island, 02906, United States"
36662,012-0457-0000,0,0,0,79,School,E01,Non Residential Exempt,137.0,George,St,137 George St,Providence,02906,,,Brown University,"Attn: Lidia Pierce, Director of Finance",,PO Box 1902,,,Providence,RI,02912,22796600,22796600.0,,137 George St,"Attn: Lidia Pierce, Director of Finance",41.82558387804878,-71.39851968292683,"137, George Street, College Hill, Providence, Providence County, Rhode Island, 02906, United States"
36663,012-0457-0000,0,0,0,79,School,E01,Non Residential Exempt,128.0,thayer,,137 George St,,,,,Brown University,"Attn: Lidia Pierce, Director of Finance",,PO Box 1902,,,Providence,RI,02912,22796600,22796600.0,,128 thayer,"Attn: Lidia Pierce, Director of Finance",-33.6059153,150.8215959,"Paine Ross & Co., 137, George Street, Windsor, Sydney, Hawkesbury City Council, New South Wales, 2756, Australia"
36664,012-0457-0000,0,0,0,79,School,E01,Non Residential Exempt,144.0,THAYER,,137 George St,,,,,Brown University,"Attn: Lidia Pierce, Director of Finance",,PO Box 1902,,,Providence,RI,02912,22796600,22796600.0,,144 THAYER,"Attn: Lidia Pierce, Director of Finance",-33.6059153,150.8215959,"Paine Ross & Co., 137, George Street, Windsor, Sydney, Hawkesbury City Council, New South Wales, 2756, Australia"
36665,012-0458-0000,0,0,0,79,School,E01,Non Residential Exempt,27.0,Charlesfield,St,27 Charlesfield St,Providence,02906,,,Brown University,"Attn: Lidia Pierce, Director of Finance",,PO Box 1902,,,Providence,RI,02912,9103900,9103900.0,,27 Charlesfield St,"Attn: Lidia Pierce, Director of Finance",41.823701816326526,-71.40446708163265,"27, Charlesfield Street, College Hill, Providence, Providence County, Rhode Island, 02906, United States"
36666,012-0458-0000,0,0,0,79,School,E01,Non Residential Exempt,13.0,Brown,St,27 Charlesfield St,,,,,Brown University,"Attn: Lidia Pierce, Director of Finance",,PO Box 1902,,,Providence,RI,02912,9103900,9103900.0,,13 Brown St,"Attn: Lidia Pierce, Director of Finance",55.5604053,-2.6529534956900305,"Charlesfield Biomass CHP Plant, Merwick, St Boswells, Scottish Borders, Alba / Scotland, United Kingdom"
36669,012-0469-0000,0,0,0,79,School,E01,Non Residential Exempt,71.0,George,St,71 George St,Providence,02906,,,Brown University,"Attn: Lidia Pierce, Director of Finance",,PO Box 1902,,,Providence,RI,02912,4558800,4558800.0,,71 George St,"Attn: Lidia Pierce, Director of Finance",41.82530984615384,-71.40226407692307,"71, George Street, College Hill, Providence, Providence County, Rhode Island, 02906, United States"
36671,012-0474-0000,0,0,0,79,School,E01,Non Residential Exempt,167.0,Thayer,St,167 Thayer St,Providence,02906,,,Brown University,"Attn: Lidia Pierce, Director of Finance",,PO Box 1902,,,Providence,RI,02912,53601200,53601200.0,,167 Thayer St,"Attn: Lidia Pierce, Director of Finance",41.825336473815426,-71.40023242001662,"167, Thayer Street, College Hill, Providence, Providence County, Rhode Island, 02906, United States"
36679,013-0012-0000,0,0,0,79,School,E01,Non Residential Exempt,165.0,Lloyd,Ave,165 Lloyd Ave,Providence,02906,,,Brown University,"Attn: Lidia Pierce, Director of Finance",,PO Box 1902,,,Providence,RI,02912,2046900,2046900.0,,165 Lloyd Ave,"Attn: Lidia Pierce, Director of Finance",41.8313637,-71.40062131596324,"165-167, Lloyd Avenue, College Hill, Providence, Providence County, Rhode Island, 02912, United States"
36680,013-0040-0000,0,0,0,79,School,E01,Non Residential Exempt,449.0,Brook,St,449 Brook St,Providence,02906,,,Brown University,"Attn: Lidia Pierce, Director of Finance",,PO Box 1902,,,Providence,RI,02912,2618400,2618400.0,,449 Brook St,"Attn: Lidia Pierce, Director of Finance",41.8189474,-71.3981355,"Brook Street, Fox Point, Providence, Providence County, Rhode Island, 02906, United States"
36681,013-0076-0000,0,0,0,79,School,E01,Non Residential Exempt,361.0,Brook,St,361 Brook St,Providence,02906,,,Brown University,"Attn: Lidia Pierce, Director of Finance",,PO Box 1902,,,Providence,RI,02912,10382400,10382400.0,,361 Brook St,"Attn: Lidia Pierce, Director of Finance",41.82512580630633,-71.39888171044029,"361, Brook Street, College Hill, Providence, Providence County, Rhode Island, 02906, United States"
36682,013-0076-0000,0,0,0,79,School,E01,Non Residential Exempt,121.0,waterman,St,361 Brook St,,,,,Brown University,"Attn: Lidia Pierce, Director of Finance",,PO Box 1902,,,Providence,RI,02912,10382400,10382400.0,,121123 waterman St,"Attn: Lidia Pierce, Director of Finance",34.438098919345464,-82.3984882577121,"361, Brook Street, Honea Path, Anderson County, South Carolina, 29654, United States"
36683,013-0081-0000,0,0,0,79,School,E01,Non Residential Exempt,129.0,Waterman,St,129 Waterman St,Providence,02906,,,Brown University,"Attn: Lidia Pierce, Director of Finance",,PO Box 1902,,,Providence,RI,02912,576500,576500.0,,129 Waterman St,"Attn: Lidia Pierce, Director of Finance",41.827318,-71.39833402398472,"129, Waterman Street, College Hill, Providence, Providence County, Rhode Island, 02912, United States"
36684,013-0082-0000,0,0,0,79,School,E01,Non Residential Exempt,131.0,Waterman,St,131 Waterman St,Providence,02906,,,Brown University,"Attn: Lidia Pierce, Director of Finance",,PO Box 1902,,,Providence,RI,02912,1249300,1249300.0,,131 Waterman St,"Attn: Lidia Pierce, Director of Finance",41.82733195,-71.39817162337812,"131, Waterman Street, College Hill, Providence, Providence County, Rhode Island, 02912, United States"
36685,013-0083-0000,0,0,0,79,School,E01,Non Residential Exempt,133.0,Waterman,St,133 Waterman St,Providence,02906,,,Brown University,"Attn: Lidia Pierce, Director of Finance",,PO Box 1902,,,Providence,RI,02912,1733500,1733500.0,,133 Waterman St,"Attn: Lidia Pierce, Director of Finance",41.827353450000004,-71.39802844333542,"133, Waterman Street, College Hill, Providence, Providence County, Rhode Island, 02912, United States"
36686,013-0085-0000,0,0,0,79,School,E01,Non Residential Exempt,137.0,Waterman,St,137 Waterman St,Providence,02906,,,Brown University,"Attn: Lidia Pierce, Director of Finance",,PO Box 1902,,,Providence,RI,02912,4923200,4923200.0,,137 Waterman St,"Attn: Lidia Pierce, Director of Finance",41.827135049999995,-71.3978139431141,"137, Waterman Street, College Hill, Providence, Providence County, Rhode Island, 02912, United States"
36687,013-0110-0000,0,0,0,79,School,E01,Non Residential Exempt,315.0,Brook,St,315 Brook St,Providence,02906,,,Brown University,"Attn: Lidia Pierce, Director of Finance",,PO Box 1902,,,Providence,RI,02912,10670300,10670300.0,,315 Brook St,"Attn: Lidia Pierce, Director of Finance",41.825051588138145,-71.39887273243608,"315, Brook Street, College Hill, Providence, Providence County, Rhode Island, 02906, United States"
36688,013-0129-0000,0,0,0,79,School,E01,Non Residential Exempt,88.0,Benevolent,St,88 Benevolent St,Providence,02906,,,Brown University,"Attn: Lidia Pierce, Director of Finance",,PO Box 1902,,,Providence,RI,02912,736200,736200.0,,88 Benevolent St,"Attn: Lidia Pierce, Director of Finance",41.825042,-71.398283,"88, Benevolent Street, College Hill, Providence, Providence County, Rhode Island, 02906, United States"
36689,013-0130-0000,0,0,0,79,School,E01,Non Residential Exempt,86.0,Benevolent,St,86 Benevolent St,Providence,02906,,,Brown University,"Attn: Lidia Pierce, Director of Finance",,PO Box 1902,,,Providence,RI,02912,457200,457200.0,,86 Benevolent St,"Attn: Lidia Pierce, Director of Finance",41.825034,-71.39837,"86, Benevolent Street, College Hill, Providence, Providence County, Rhode Island, 02906, United States"
36690,013-0132-0000,0,0,0,79,School,E01,Non Residential Exempt,287.0,Brook,St,287 Brook St,Providence,02906,,,Brown University,"Attn: Lidia Pierce, Director of Finance",,PO Box 1902,,,Providence,RI,02912,316400,316400.0,,287 Brook St,"Attn: Lidia Pierce, Director of Finance",41.82451142857143,-71.39880028571429,"287, Brook Street, College Hill, Providence, Providence County, Rhode Island, 02906, United States"
36691,013-0133-0000,0,0,0,79,School,E01,Non Residential Exempt,89.0,Benevolent,St,89 Benevolent St,Providence,02906,,,Brown University,"Attn: Lidia Pierce, Director of Finance",,PO Box 1902,,,Providence,RI,02912,81600,81600.0,,89 Benevolent St,"Attn: Lidia Pierce, Director of Finance",41.82483666666667,-71.398723,"89, Benevolent Street, College Hill, Providence, Providence County, Rhode Island, 02906, United States"
36692,013-0136-0000,0,0,0,79,School,E01,Non Residential Exempt,101.0,Benevolent,St,101 Benevolent St,Providence,02906,,,Brown University,"Attn: Lidia Pierce, Director of Finance",,PO Box 1902,,,Providence,RI,02912,265800,265800.0,,101 Benevolent St,"Attn: Lidia Pierce, Director of Finance",41.824983,-71.39619,"101, Benevolent Street, College Hill, Providence, Providence County, Rhode Island, 02906, United States"
36693,013-0137-0000,0,0,0,79,School,E01,Non Residential Exempt,281.0,Brook,St,281 Brook St,Providence,02906,,,Brown University,"Attn: Lidia Pierce, Director of Finance",,PO Box 1902,,,Providence,RI,02912,583800,583800.0,,281 Brook St,"Attn: Lidia Pierce, Director of Finance",41.82437514285714,-71.39878142857143,"281, Brook Street, College Hill, Providence, Providence County, Rhode Island, 02906, United States"
36694,013-0138-0000,0,0,0,79,School,E01,Non Residential Exempt,154.0,Hope,St,154 Hope St,Providence,02906,,,Brown University,"Attn: Lidia Pierce, Director of Finance",,PO Box 1902,,,Providence,RI,02912,1699200,1699200.0,,154 Hope St,"Attn: Lidia Pierce, Director of Finance",41.830695196570026,-71.3471430591025,"154, Hope Street, East Providence Center, East Providence, Providence County, Rhode Island, 02916, United States"
36695,013-0140-0000,0,0,0,79,School,E01,Non Residential Exempt,71.0,Charlesfield,St,71 Charlesfield St,Providence,02906,,,Brown University,"Attn: Lidia Pierce, Director of Finance",,PO Box 1902,,,Providence,RI,02912,1242200,1242200.0,,71 Charlesfield St,"Attn: Lidia Pierce, Director of Finance",41.824109,-71.39871,"71, Charlesfield Street, College Hill, Providence, Providence County, Rhode Island, 02906, United States"
36696,013-0142-0000,0,0,0,79,School,E01,Non Residential Exempt,75.0,Charlesfield,St,75 Charlesfield St,Providence,02906,,,Brown University,"Attn: Lidia Pierce, Director of Finance",,PO Box 1902,,,Providence,RI,02912,820200,820200.0,,75 Charlesfield St,"Attn: Lidia Pierce, Director of Finance",41.824116333333336,-71.39861533333332,"75, Charlesfield Street, College Hill, Providence, Providence County, Rhode Island, 02906, United States"
36697,013-0144-0000,0,0,0,79,School,E01,Non Residential Exempt,79.0,Charlesfield,St,79 Charlesfield St,Providence,02906,,,Brown University,"Attn: Lidia Pierce, Director of Finance",,PO Box 1902,,,Providence,RI,02912,861900,861900.0,,79 Charlesfield St,"Attn: Lidia Pierce, Director of Finance",41.824171,-71.397874,"79, Charlesfield Street, College Hill, Providence, Providence County, Rhode Island, 02906, United States"
36698,013-0145-0000,0,0,0,79,School,E01,Non Residential Exempt,105.0,Benevolent,St,105 Benevolent St,Providence,02906,,,Brown University,"Attn: Lidia Pierce, Director of Finance",,PO Box 1902,,,Providence,RI,02912,13277000,13277000.0,,105 Benevolent St,"Attn: Lidia Pierce, Director of Finance",41.824986,-71.3970483,"Morrison-Gerard Chamber Music Studios, 105, Benevolent Street, College Hill, Providence, Providence County, Rhode Island, 02912, United States"
36699,013-0147-0000,0,0,0,79,School,E01,Non Residential Exempt,5.0,Young Orchard,,5 Young Orchard,Providence,02906,,,Brown University,"Attn: Lidia Pierce, Director of Finance",,PO Box 1902,,,Providence,RI,02912,3268500,3268500.0,,5 Young Orchard,"Attn: Lidia Pierce, Director of Finance",41.824371,-71.395591,"5, Young Orchard Avenue, College Hill, Providence, Providence County, Rhode Island, 02912, United States"
36700,013-0169-0000,0,0,0,79,School,E01,Non Residential Exempt,148.0,Hope,St,148 Hope St,Providence,02906,,,Brown University,"Attn: Lidia Pierce, Director of Finance",,PO Box 1902,,,Providence,RI,02912,1205500,1205500.0,,148 Hope St,"Attn: Lidia Pierce, Director of Finance",41.83076523455583,-71.3471927998545,"148, Hope Street, East Providence Center, East Providence, Providence County, Rhode Island, 02916, United States"
36705,013-0223-0000,0,0,0,79,School,E01,Non Residential Exempt,84.0,Benevolent,St,84 Benevolent St,Providence,02906,,,Brown University,"Attn: Lidia Pierce, Director of Finance",,PO Box 1902,,,Providence,RI,02912,412500,412500.0,,84 Benevolent St,"Attn: Lidia Pierce, Director of Finance",41.824705,-71.4,"84, Benevolent Street, College Hill, Providence, Providence County, Rhode Island, 02906, United States"
36707,013-0250-0000,0,0,0,79,School,E01,Non Residential Exempt,251.0,Bowen,St,251 Bowen St,Providence,02906,,,Brown University,"Attn: Lidia Pierce, Director of Finance",,PO Box 1902,,,Providence,RI,02912,778900,778900.0,,251 Bowen St,"Attn: Lidia Pierce, Director of Finance",41.83068325,-71.40025842458702,"251, Bowen Street, College Hill, Providence, Providence County, Rhode Island, 02912, United States"
36708,013-0251-0000,0,0,0,79,School,E01,Non Residential Exempt,247.0,Bowen,St,247 Bowen St,Providence,02906,,,Brown University,"Attn: Lidia Pierce, Director of Finance",,PO Box 1902,,,Providence,RI,02912,1190200,1190200.0,,247 Bowen St,"Attn: Lidia Pierce, Director of Finance",41.83065475,-71.40050517519096,"247, Bowen Street, College Hill, Providence, Providence County, Rhode Island, 02912, United States"
36709,013-0259-0000,0,0,0,79,School,E01,Non Residential Exempt,89.0,Charlesfield,St,89 Charlesfield St,Providence,02906,,,Brown University,"Attn: Lidia Pierce, Director of Finance",,PO Box 1902,,,Providence,RI,02912,80700,80700.0,,89 Charlesfield St,"Attn: Lidia Pierce, Director of Finance",41.82417151282051,-71.39786566666666,"89, Charlesfield Street, College Hill, Providence, Providence County, Rhode Island, 02906, United States"
36710,013-0271-0000,0,0,0,79,School,E01,Non Residential Exempt,125.0,Waterman,St,125 Waterman St,Providence,02906,,,Brown University,"Attn: Lidia Pierce, Director of Finance",,PO Box 1902,,,Providence,RI,02912,1920600,1920600.0,,125 Waterman St,"Attn: Lidia Pierce, Director of Finance",41.87525520967742,-71.35109629032259,"125, Waterman Street, Pawtucket, Providence County, Rhode Island, 02861, United States"
36711,013-0272-0000,0,0,0,79,School,E01,Non Residential Exempt,357.0,Brook,St,357 Brook St,Providence,02906,,,Brown University,"Attn: Lidia Pierce, Director of Finance",,PO Box 1902,,,Providence,RI,02912,62100,62100.0,,357 Brook St,"Attn: Lidia Pierce, Director of Finance",41.825119352552576,-71.39888092974427,"357, Brook Street, College Hill, Providence, Providence County, Rhode Island, 02906, United States"
36738,016-0175-0000,0,0,0,79,School,E01,Non Residential Exempt,258.0,Brook,St,258 Brook St,Providence,02906,,,Brown University,"Attn: Lidia Pierce, Director of Finance",,PO Box 1902,,,Providence,RI,02912,426900,426900.0,,258 Brook St,"Attn: Lidia Pierce, Director of Finance",41.82418881818182,-71.39897599999999,"258, Brook Street, College Hill, Providence, Providence County, Rhode Island, 02906, United States"
36740,016-0198-0000,0,0,0,79,School,E01,Non Residential Exempt,89.0,Power,St,89 Power St,Providence,02906,,,Brown University,"Attn: Lidia Pierce, Director of Finance",,PO Box 1902,,,Providence,RI,02912,672700,672700.0,,89 Power St,"Attn: Lidia Pierce, Director of Finance",41.822753500000005,-71.40080971498,"Charles E. Tillinghast House, 89, Power Street, College Hill, Providence, Providence County, Rhode Island, 02903, United States"
36742,016-0239-0000,0,0,0,79,School,E01,Non Residential Exempt,383.0,Benefit,St,383 Benefit St,Providence,02903,,,Brown University,"Attn: Lidia Pierce, Director of Finance",,PO Box 1902,,,Providence,RI,02912,7082400,7082400.0,,383 Benefit St,"Attn: Lidia Pierce, Director of Finance",41.89218790817525,-71.355890170144,"383, Benefit Street, Pawtucket, Providence County, Rhode Island, 02861, United States"
36743,016-0253-0000,0,0,0,79,School,E01,Non Residential Exempt,50.0,John,St,50 John St,Providence,02906,,,Brown University,"Attn: Lidia Pierce, Director of Finance",,PO Box 1902,,,Providence,RI,02912,854700,854700.0,,50 John St,"Attn: Lidia Pierce, Director of Finance",41.8220212,-71.39874591666667,"John Street Studio, 50, John Street, Fox Point, Providence, Providence County, Rhode Island, 02906, United States"
36747,016-0437-0000,0,0,0,79,School,E01,Non Residential Exempt,55.0,Power,St,55 Power St,Providence,02906,,,Brown University,"Attn: Lidia Pierce, Director of Finance",,PO Box 1902,,,Providence,RI,02912,2695800,2695800.0,,55 Power St,"Attn: Lidia Pierce, Director of Finance",41.82276,-71.402558,"55, Power Street, College Hill, Providence, Providence County, Rhode Island, 02906, United States"
36750,016-0519-0000,0,0,0,79,School,E01,Non Residential Exempt,130.0,Hope,St,130 Hope St,Providence,02906,,,Brown University,"Attn: Lidia Pierce, Director of Finance",,PO Box 1902,,,Providence,RI,02912,681300,681300.0,,130 Hope St,"Attn: Lidia Pierce, Director of Finance",41.83097437851366,-71.34734337240317,"130, Hope Street, East Providence Center, East Providence, Providence County, Rhode Island, 02916, United States"
36751,016-0520-0000,0,0,0,79,School,E01,Non Residential Exempt,259.0,Brook,St,259 Brook St,Providence,02906,,,Brown University,"Attn: Lidia Pierce, Director of Finance",,PO Box 1902,,,Providence,RI,02912,253100,253100.0,,259 Brook St,"Attn: Lidia Pierce, Director of Finance",41.82366235,-71.3985525428144,"Danoff Residence Hall, 259, Brook Street, College Hill, Providence, Providence County, Rhode Island, 02912, United States"
36753,016-0532-0000,0,0,0,79,School,E01,Non Residential Exempt,249.0,Brook,St,249 Brook St,Providence,02906,,,Brown University,"Attn: Lidia Pierce, Director of Finance",,PO Box 1902,,,Providence,RI,02912,177100,177100.0,,249 Brook St,"Attn: Lidia Pierce, Director of Finance",41.82357809090909,-71.39866490909091,"249, Brook Street, College Hill, Providence, Providence County, Rhode Island, 02906, United States"
36754,016-0533-0000,0,0,0,79,School,E01,Non Residential Exempt,245.0,Brook,St,245 Brook St,Providence,02906,,,Brown University,"Attn: Lidia Pierce, Director of Finance",,PO Box 1902,,,Providence,RI,02912,392800,392800.0,,245 Brook St,"Attn: Lidia Pierce, Director of Finance",41.82351290909091,-71.39865509090909,"245, Brook Street, College Hill, Providence, Providence County, Rhode Island, 02906, United States"
36755,016-0538-0000,0,0,0,79,School,E01,Non Residential Exempt,128.0,Hope,St,128 Hope St,Providence,02906,,,Brown University,"Attn: Lidia Pierce, Director of Finance",,PO Box 1902,,,Providence,RI,02912,1798800,1798800.0,,128 Hope St,"Attn: Lidia Pierce, Director of Finance",41.830997543847786,-71.34736020414408,"128, Hope Street, East Providence Center, East Providence, Providence County, Rhode Island, 02916, United States"
36756,016-0541-0000,0,0,0,79,School,E01,Non Residential Exempt,44.0,John,St,44 John St,Providence,02906,,,Brown University,"Attn: Lidia Pierce, Director of Finance",,PO Box 1902,,,Providence,RI,02912,81000,81000.0,,44 John St,"Attn: Lidia Pierce, Director of Finance",41.82184261551994,-71.39895725162862,"44, John Street, Fox Point, Providence, Providence County, Rhode Island, 02906, United States"
36757,016-0549-0000,0,0,0,79,School,E01,Non Residential Exempt,253.0,Brook,St,253 Brook St,Providence,02906,,,Brown University,"Attn: Lidia Pierce, Director of Finance",,PO Box 1902,,,Providence,RI,02912,181000,181000.0,,253 Brook St,"Attn: Lidia Pierce, Director of Finance",41.823643272727274,-71.39867472727272,"253, Brook Street, College Hill, Providence, Providence County, Rhode Island, 02906, United States"
36758,016-0552-0000,0,0,0,79,School,E01,Non Residential Exempt,78.0,Charlesfield,St,78 Charlesfield St,Providence,02906,,,Brown University,"Attn: Lidia Pierce, Director of Finance",,PO Box 1902,,,Providence,RI,02912,176900,176900.0,,78 Charlesfield St,"Attn: Lidia Pierce, Director of Finance",41.823946,-71.39867609090909,"78, Charlesfield Street, College Hill, Providence, Providence County, Rhode Island, 02906, United States"
36759,016-0568-0000,0,0,0,79,School,E01,Non Residential Exempt,108.0,Charlesfield,St,108 Charlesfield St,Providence,02906,,,Brown University,"Attn: Lidia Pierce, Director of Finance",,PO Box 1902,,,Providence,RI,02912,559700,559700.0,,108 Charlesfield St,"Attn: Lidia Pierce, Director of Finance",41.8239598,-71.39763865,"108-110, Charlesfield Street, College Hill, Providence, Providence County, Rhode Island, 02906, United States"
36760,016-0588-0000,0,0,0,79,School,E01,Non Residential Exempt,66.0,Charlesfield,St,66 Charlesfield St,Providence,02906,,,Brown University,"Attn: Lidia Pierce, Director of Finance",,PO Box 1902,,,Providence,RI,02912,580600,580600.0,,66 Charlesfield St,"Attn: Lidia Pierce, Director of Finance",41.82391333333334,-71.39908833333334,"66, Charlesfield Street, College Hill, Providence, Providence County, Rhode Island, 02912, United States"
36762,016-0597-0000,0,0,0,79,School,E01,Non Residential Exempt,36.0,Charlesfield,St,36 Charlesfield St,Providence,02906,,,Brown University,"Attn: Lidia Pierce, Director of Finance",,PO Box 1902,,,Providence,RI,02912,33254400,33254400.0,,36 Charlesfield St,"Attn: Lidia Pierce, Director of Finance",41.8236845,-71.40138244444444,"36, Charlesfield Street, College Hill, Providence, Providence County, Rhode Island, 02906, United States"
36763,016-0597-0000,0,0,0,79,School,E01,Non Residential Exempt,42.0,CHARLESFIELD,,36 Charlesfield St,,,,,Brown University,"Attn: Lidia Pierce, Director of Finance",,PO Box 1902,,,Providence,RI,02912,33254400,33254400.0,,42 CHARLESFIELD,"Attn: Lidia Pierce, Director of Finance",55.5604053,-2.6529534956900305,"Charlesfield Biomass CHP Plant, Merwick, St Boswells, Scottish Borders, Alba / Scotland, United Kingdom"
36764,016-0598-0000,0,0,0,79,School,E01,Non Residential Exempt,82.0,Charlesfield,St,82 Charlesfield St,Providence,02906,,,Brown University,"Attn: Lidia Pierce, Director of Finance",,PO Box 1902,,,Providence,RI,02912,5811100,5811100.0,,82 Charlesfield St,"Attn: Lidia Pierce, Director of Finance",41.82417115384615,-71.39787150000001,"82, Charlesfield Street, College Hill, Providence, Providence County, Rhode Island, 02906, United States"
36765,016-0633-0000,0,0,0,79,School,E01,Non Residential Exempt,101.0,Power,St,101 Power St,Providence,02906,,,Brown University,"Attn: Lidia Pierce, Director of Finance",,PO Box 1902,,,Providence,RI,02912,6917900,6917900.0,,101 Power St,"Attn: Lidia Pierce, Director of Finance",41.822986,-71.398522,"101, Power Street, College Hill, Providence, Providence County, Rhode Island, 02906, United States"
36766,016-0642-0000,0,0,0,79,School,E01,Non Residential Exempt,101.0,Thayer,St,101 Thayer St,Providence,02906,,,Brown University,"Attn: Lidia Pierce, Director of Finance",,PO Box 1902,,,Providence,RI,02912,19518900,19518900.0,,101 Thayer St,"Attn: Lidia Pierce, Director of Finance",41.823493850000006,-71.39937765460111,"Vartan Gregorian Quad A, 101, Thayer Street, College Hill, Providence, Providence County, Rhode Island, 02912, United States"
36767,016-0642-0000,0,0,0,79,School,E01,Non Residential Exempt,56.0,Charlesfield,St,101 Thayer St,Providence,02906,,,Brown University,"Attn: Lidia Pierce, Director of Finance",,PO Box 1902,,,Providence,RI,02912,19518900,19518900.0,,56 Charlesfield St,"Attn: Lidia Pierce, Director of Finance",41.823493850000006,-71.39937765460111,"Vartan Gregorian Quad A, 101, Thayer Street, College Hill, Providence, Providence County, Rhode Island, 02912, United States"
36772,017-0054-0000,0,0,0,79,School,E01,Non Residential Exempt,250.0,India,St,250 India St,Providence,02903,,,Brown University,"Attn: Lidia Pierce, Director of Finance",,PO Box 1902,,,Providence,RI,02912,2215400,2215400.0,,250 India St,"Attn: Lidia Pierce, Director of Finance",41.8730902,-71.3651763,"India Street, Pawtucket, Providence County, Rhode Island, 02861, United States"
36773,017-0169-0000,0,0,0,79,School,E01,Non Residential Exempt,4.0,Young Orchard,,4 Young Orchard,Providence,02906,,,Brown University,"Attn: Lidia Pierce, Director of Finance",,PO Box 1902,,,Providence,RI,02912,1962500,1962500.0,,4 Young Orchard,"Attn: Lidia Pierce, Director of Finance",41.8241106,-71.39636511067351,"Young Orchard 4, 4, Young Orchard Avenue, College Hill, Providence, Providence County, Rhode Island, 02912, United States"
36776,017-0260-0000,0,0,0,79,School,E01,Non Residential Exempt,129.0,Hope,St,129 Hope St,Providence,02906,,,Brown University,"Attn: Lidia Pierce, Director of Finance",,PO Box 1902,,,Providence,RI,02912,182500,182500.0,,129 Hope St,"Attn: Lidia Pierce, Director of Finance",41.830905665998394,-71.34754662123477,"129, Hope Street, East Providence Center, East Providence, Providence County, Rhode Island, 02916, United States"
36777,017-0261-0000,0,0,0,79,School,E01,Non Residential Exempt,123.0,Hope,St,123 Hope St,Providence,02906,,,Brown University,"Attn: Lidia Pierce, Director of Finance",,PO Box 1902,,,Providence,RI,02912,1578400,1578400.0,,123 Hope St,"Attn: Lidia Pierce, Director of Finance",41.83097440746218,-71.34759682567461,"123, Hope Street, East Providence Center, East Providence, Providence County, Rhode Island, 02916, United States"
36778,017-0262-0000,0,0,0,79,School,E01,Non Residential Exempt,150.0,Power,St,150 Power St,Providence,02906,,,Brown University,"Attn: Lidia Pierce, Director of Finance",,PO Box 1902,,,Providence,RI,02912,7075600,7075600.0,,150 Power St,"Attn: Lidia Pierce, Director of Finance",41.823425875000005,-71.395772625,"150, Power Street, College Hill, Providence, Providence County, Rhode Island, 02906, United States"
36784,017-0604-0000,0,0,0,79,School,E01,Non Residential Exempt,131.0,Hope,St,131 Hope St,Providence,02906,,,Brown University,"Attn: Lidia Pierce, Director of Finance",,PO Box 1902,,,Providence,RI,02912,1611700,1611700.0,,131 Hope St,"Attn: Lidia Pierce, Director of Finance",41.83088275217713,-71.3475298864215,"131, Hope Street, East Providence Center, East Providence, Providence County, Rhode Island, 02916, United States"
36785,017-0605-0000,0,0,0,79,School,E01,Non Residential Exempt,8.0,Young Orchard,,8 Young Orchard,Providence,02906,,,Brown University,"Attn: Lidia Pierce, Director of Finance",,PO Box 1902,,,Providence,RI,02912,1716600,1716600.0,,8 Young Orchard,"Attn: Lidia Pierce, Director of Finance",41.824202750000005,-71.395951,"8, Young Orchard Avenue, College Hill, Providence, Providence County, Rhode Island, 02912, United States"
36875,021-0067-0000,0,0,0,79,School,E01,Non Residential Exempt,221.0,Richmond,St,221 Richmond St,Providence,02903,,,Brown University,"Attn: Lidia Pierce, Director of Finance",,PO Box 1902,,,Providence,RI,02912,524600,524600.0,,221 Richmond St,"Attn: Lidia Pierce, Director of Finance",41.818919,-71.40906633333334,"221, Richmond Street, Providence Jewelry Manufacturing Historic District, Downtown, Providence, Providence County, Rhode Island, 02903, United States"
36876,021-0105-0000,0,0,0,79,School,E01,Non Residential Exempt,70.0,Ship,St,70 Ship St,Providence,02905,,,Brown University,PO BOX 1914,,PO BOX 1914,,,PROVIDENCE,RI,02912-1914,25656100,25656100.0,,70 Ship St,PO BOX 1914,41.818893,-71.410415,"70, Ship Street, Providence Jewelry Manufacturing Historic District, Downtown, Providence, Providence County, Rhode Island, 02903, United States"
36877,021-0110-0000,0,0,0,79,School,E01,Non Residential Exempt,6.0,Elbow,St,6 Elbow St,Providence,02905,,,Brown University,c/o Cushman & Wakefield,One,Davol,Sq,,Providence,RI,02903,156300,156300.0,,6 Elbow St,c/o Cushman & Wakefield,41.818358458333336,-71.409693375,"6, Elbow Street, Providence Jewelry Manufacturing Historic District, Downtown, Providence, Providence County, Rhode Island, 02903, United States"
36879,021-0121-0000,0,0,0,79,School,E01,Non Residential Exempt,289.0,Richmond,St,289 Richmond St,Providence,02905,,,Brown University,"Attn: Lidia Pierce, Director of Finance",,PO Box 1902,,,Providence,RI,02912,260700,260700.0,,289 Richmond St,"Attn: Lidia Pierce, Director of Finance",41.81860515151515,-71.40882721212121,"289, Richmond Street, Providence Jewelry Manufacturing Historic District, Downtown, Providence, Providence County, Rhode Island, 02903, United States"
36880,021-0122-0000,0,0,0,79,School,E01,Non Residential Exempt,279.0,Richmond,St,279 Richmond St,Providence,02905,,,Brown University,"Attn: Lidia Pierce, Director of Finance",,PO Box 1902,,,Providence,RI,02912,238400,238400.0,,279 Richmond St,"Attn: Lidia Pierce, Director of Finance",41.8186203030303,-71.40883842424242,"279, Richmond Street, Providence Jewelry Manufacturing Historic District, Downtown, Providence, Providence County, Rhode Island, 02903, United States"
36881,021-0123-0000,0,0,0,79,School,E01,Non Residential Exempt,269.0,Richmond,St,269 Richmond St,Providence,02905,,,Brown University,"Attn: Lidia Pierce, Director of Finance",,PO Box 1902,,,Providence,RI,02912,276200,276200.0,,269 Richmond St,"Attn: Lidia Pierce, Director of Finance",41.81863545454545,-71.40884963636364,"269, Richmond Street, Providence Jewelry Manufacturing Historic District, Downtown, Providence, Providence County, Rhode Island, 02903, United States"
36883,021-0132-0000,0,0,0,79,School,E01,Non Residential Exempt,222.0,Richmond,St,222 Richmond St,Providence,02905,,,Brown University,"Attn: Lidia Pierce, Director of Finance",,PO Box 1902,,,Providence,RI,02912,22871100,22871100.0,,222 Richmond St,"Attn: Lidia Pierce, Director of Finance",41.81888495,-71.40841323864547,"Warren Alpert Medical School, 222, Richmond Street, Providence Jewelry Manufacturing Historic District, Downtown, Providence, Providence County, Rhode Island, 02903, United States"
36884,021-0140-0000,0,0,0,79,School,E01,Non Residential Exempt,355.0,Eddy,St,355 Eddy St,Providence,02905,,,Brown University,"Attn: Lidia Pierce, Director of Finance",,PO Box 1902,,,Providence,RI,02912,96300,96300.0,,355 Eddy St,"Attn: Lidia Pierce, Director of Finance",41.8183315,-71.40766014285714,"355, Eddy Street, Providence Jewelry Manufacturing Historic District, Downtown, Providence, Providence County, Rhode Island, 02903, United States"
36885,021-0146-0000,0,0,0,79,School,E01,Non Residential Exempt,26.0,Ship,St,26 Ship St,Providence,02905,,,Brown University,PO BOX 1914,,PO BOX 1914,,,PROVIDENCE,RI,02912-1914,454900,454900.0,,26 Ship St,PO BOX 1914,41.819149249999995,-71.40850173981423,"26 Ship Street, 26, Ship Street, Providence Jewelry Manufacturing Historic District, Downtown, Providence, Providence County, Rhode Island, 02903, United States"
36901,021-0398-0000,0,0,0,79,School,E01,Non Residential Exempt,337.0,Eddy,St,337 Eddy St,Providence,02905,,,Brown University,"Attn: Lidia Pierce, Director of Finance",,PO Box 1902,,,Providence,RI,02912,597700,597700.0,,337 Eddy St,"Attn: Lidia Pierce, Director of Finance",41.818435,-71.40773342857143,"337, Eddy Street, Providence Jewelry Manufacturing Historic District, Downtown, Providence, Providence County, Rhode Island, 02903, United States"
37811,050-0719-0000,0,0,0,79,School,E01,Non Residential Exempt,40.0,Park,Ln,40 Park Ln,Providence,02905,,,Brown University,"Attn: Lidia Pierce, Director of Finance",,PO Box 1902,,,Providence,RI,02912,1849000,1849000.0,,40 Park Ln,"Attn: Lidia Pierce, Director of Finance",41.79596839250864,-71.43651184703455,"40, Park Lane, Providence, Providence County, Rhode Island, 02907, United States"
37813,050-0721-0000,0,0,0,79,School,E01,Non Residential Exempt,10.0,Park,Ln,10 Park Ln,Providence,02905,,,Brown University,"Attn: Lidia Pierce, Director of Finance",,PO Box 1902,,,Providence,RI,02912,1601300,1601300.0,,10 Park Ln,"Attn: Lidia Pierce, Director of Finance",41.79629970705528,-71.43659818859555,"10, Park Lane, Providence, Providence County, Rhode Island, 02907, United States"
38691,011-0133-0000,0,0,0,79,School,E01,Non Residential Exempt,235.0,Hope,St,235 Hope St,Providence,02906,,,Brown University,"Attn: Lidia Pierce, Director of Finance",,PO Box 1902,,,Providence,RI,02912,110513700,110513700.0,,235 Hope St,"Attn: Lidia Pierce, Director of Finance",41.83135095,-71.39895224475734,"Meehan Auditorium, 235, Hope Street, College Hill, Providence, Providence County, Rhode Island, 02912, United States"
38692,011-0133-0000,0,0,0,79,School,E01,Non Residential Exempt,295.0,Lloyd,Ave,235 Hope St,,,,,Brown University,"Attn: Lidia Pierce, Director of Finance",,PO Box 1902,,,Providence,RI,02912,110513700,110513700.0,,295 Lloyd Ave,"Attn: Lidia Pierce, Director of Finance",34.842374232074775,-82.39489185706405,"235, Hope Street, Cleveland Forest, Greenville, Greenville County, South Carolina, 29601, United States"
38693,012-0481-0000,0,0,0,79,School,E01,Non Residential Exempt,25.0,George,St,25 George St,Providence,02903,,,Brown University,"Attn: Lidia Pierce, Director of Finance",,PO Box 1902,,,Providence,RI,02912,789100,789100.0,,25 George St,"Attn: Lidia Pierce, Director of Finance",41.8251291,-71.40528703176122,"Swearer Center for Public Service, 25, George Street, College Hill, Providence, Providence County, Rhode Island, 02912, United States"
38776,010-0717-0000,0,0,0,79,School,E01,Non Residential Exempt,154.0,Angell,St,154 Angell St,Providence,02906,,,Brown University,"Attn: Lidia Pierce, Director of Finance",,PO Box 1902,,,Providence,RI,02912,50260100,50260100.0,,154 Angell St,"Attn: Lidia Pierce, Director of Finance",41.8283019,-71.40148202911489,"Perry and Marty Granoff Center for the Creative Arts, 154, Angell Street, College Hill, Providence, Providence County, Rhode Island, 02912, United States"
38781,010-0718-00EX,0,0,0,79,School,E01,Non Residential Exempt,164.0,Angell,St,164 Angell St,Providence,02906,,,Brown University,"Attn: Lidia Pierce, Director of Finance",,PO Box 1902,,,Providence,RI,02912,7929600,7929600.0,,164 Angell St,"Attn: Lidia Pierce, Director of Finance",41.9916836734694,-71.51084793867153,"164, Angell Street, Bernon Heights, Woonsocket, Providence County, Rhode Island, 02895, United States"
38801,013-0297-0000,0,0,0,79,School,E01,Non Residential Exempt,315.0,Thayer,St,315 Thayer St,,,,,Brown University,"Attn: Lidia Pierce, Director of Finance",,PO Box 1902,,,Providence,RI,02912,5455100,5455100.0,,315 Thayer St,"Attn: Lidia Pierce, Director of Finance",45.155273315684305,-98.58148966107989,"315, Thayer Street, Northville, Northville Township, Spink County, South Dakota, 57465, United States"
38804,021-0446-0000,0,0,0,79,School,E01,Non Residential Exempt,139.0,Richmond,St,139 Richmond St,Providence,02905,,,Brown University,PO BOX 1914,,PO BOX 1914,,,PROVIDENCE,RI,02912-1914,1188500,1188500.0,,139 Richmond St,PO BOX 1914,41.81951463392857,-71.40964033035715,"139, Richmond Street, Providence Jewelry Manufacturing Historic District, Downtown, Providence, Providence County, Rhode Island, 02903, United States"
38817,010-0720-0000,0,0,0,79,School,E01,Non Residential Exempt,111.0,Brown,St,111 Brown St,Providence,02906,,,Brown University,"Attn: Lidia Pierce, Director of Finance",,PO Box 1902,,,Providence,RI,02912,1080700,1080700.0,,111 Brown St,"Attn: Lidia Pierce, Director of Finance",41.829916350000005,-71.4033178114257,"111 Brown Street (North House), 111, Brown Street, College Hill, Providence, Providence County, Rhode Island, 02912, United States"
38818,010-0722-0000,0,0,0,79,School,E01,Non Residential Exempt,187.0,Bowen,St,187 Bowen St,Providence,02906,,,Brown University,"Attn: Lidia Pierce, Director of Finance",,PO Box 1902,,,Providence,RI,02912,60237600,60237600.0,,187 Bowen St,"Attn: Lidia Pierce, Director of Finance",41.830585234490364,-71.40410980366889,"187, Bowen Street, College Hill, Providence, Providence County, Rhode Island, 02906, United States"
38846,021-0127-00EX,0,0,0,79,School,E01,Non Residential Exempt,233.0,Richmond,St,233 Richmond St,Providence,02905,,,Brown University,"Attn: Lidia Pierce, Director of Finance",,PO Box 1902,,,Providence,RI,02912,3326800,3326800.0,,233 Richmond St,"Attn: Lidia Pierce, Director of Finance",41.81869,-71.40889,"233, Richmond Street, Providence Jewelry Manufacturing Historic District, Downtown, Providence, Providence County, Rhode Island, 02903, United States"
38847,012-0050-00EX,0,0,0,79,School,E01,Non Residential Exempt,104.0,South Water,,104 South Water,Providence,02903,,,Brown University,"Attn: Lidia Pierce, Director of Finance",,PO Box 1902,,,Providence,RI,02912,23718600,23718600.0,,104 South Water,"Attn: Lidia Pierce, Director of Finance",,,
38848,012-0050-00EX,0,0,0,79,School,E01,Non Residential Exempt,121.0,South Main,St,104 South Water,Providence,,,,Brown University,"Attn: Lidia Pierce, Director of Finance",,PO Box 1902,,,Providence,RI,02912,23718600,23718600.0,,121 South Main St,"Attn: Lidia Pierce, Director of Finance",,,
38849,020-0205-00EX,0,0,0,79,School,E01,Non Residential Exempt,198.0,Dyer,St,198 Dyer St,Providence,02903,,,Brown University,"Attn: Lidia Pierce, Director of Finance",,PO Box 1902,,,Providence,RI,02912,6287300,6287300.0,,198 Dyer St,"Attn: Lidia Pierce, Director of Finance",41.82313706149563,-71.40843765985902,"198, Dyer Street, Downtown, Providence, Providence County, Rhode Island, 02904, United States"
38854,021-0391-0000,0,0,0,79,School,E01,Non Residential Exempt,43.0,Elm,St,43 Elm St,Providence,02901,,,Brown University,"Attn: Lidia Pierce, Director of Finance",,PO Box 1902,,,Providence,RI,02912,215700,215700.0,,43 Elm St,"Attn: Lidia Pierce, Director of Finance",41.81773862790698,-71.40855058139535,"43, Elm Street, Providence Jewelry Manufacturing Historic District, Downtown, Providence, Providence County, Rhode Island, 02903, United States"
38856,013-0307-0000,0,0,0,79,School,E01,Non Residential Exempt,170.0,Hope,St,170 Hope St,Providence,02906,,,Brown University,"Attn: Lidia Pierce, Director of Finance",,PO Box 1902,,,Providence,RI,02912,59396100,59396100.0,,170 Hope St,"Attn: Lidia Pierce, Director of Finance",41.83050842860791,-71.34701041709721,"170, Hope Street, East Providence Center, East Providence, Providence County, Rhode Island, 02916, United States"
38857,013-0307-0000,0,0,0,79,School,E01,Non Residential Exempt,333.0,Brook,St,170 Hope St,Providence,02906,,,Brown University,"Attn: Lidia Pierce, Director of Finance",,PO Box 1902,,,Providence,RI,02912,59396100,59396100.0,,333-341 Brook St,"Attn: Lidia Pierce, Director of Finance",41.83050842860791,-71.34701041709721,"170, Hope Street, East Providence Center, East Providence, Providence County, Rhode Island, 02916, United States"
38868,012-0490-0000,0,0,0,79,School,E01,Non Residential Exempt,111.0,Thayer,St,111 Thayer St,Providence,02906,,,Brown University,"Attn: Lidia Pierce, Director of Finance",,PO Box 1902,,,Providence,RI,02912,40645700,40645700.0,,111 Thayer St,"Attn: Lidia Pierce, Director of Finance",41.82434525,-71.39991492257501,"Watson Institute for International Studies, 111, Thayer Street, College Hill, Providence, Providence County, Rhode Island, 02912, United States"
38869,012-0490-0000,0,0,0,79,School,E01,Non Residential Exempt,59.0,Charlesfield,St,111 Thayer St,,,,,Brown University,"Attn: Lidia Pierce, Director of Finance",,PO Box 1902,,,Providence,RI,02912,40645700,40645700.0,,59-65 Charlesfield St,"Attn: Lidia Pierce, Director of Finance",45.155153,-98.58139,"Thayer Street, Northville, Northville Township, Spink County, South Dakota, United States"
38882,013-0314-0000,0,0,0,79,School,E01,Non Residential Exempt,450.0,Brook,St,450 Brook St,Providence,02906,,,Brown University,"Attn: Lidia Pierce, Director of Finance",,PO Box 1902,,,Providence,RI,02912,1468500,0.0,53893.96,450 Brook St,"Attn: Lidia Pierce, Director of Finance",41.82963555,-71.40001062128667,"Wellness Center & Residence Hall, 450, Brook Street, College Hill, Providence, Providence County, Rhode Island, 02912, United States"
38884,010-0734-0000,0,0,0,79,School,E01,Non Residential Exempt,79.0,Brown,St,79 Brown St,Providence,02906,,,Brown University,"Attn: Lidia Pierce, Director of Finance",,PO Box 1902,,,Providence,RI,02912,5552900,5552900.0,,79 Brown St,"Attn: Lidia Pierce, Director of Finance",41.82509128617481,-71.40262913528059,"79, Brown Street, College Hill, Providence, Providence County, Rhode Island, 02912, United States"
38885,010-0732-0000,0,0,0,79,School,E01,Non Residential Exempt,144.0,Angell,St,144 Angell St,Providence,02906,,,Brown University,"Attn: Lidia Pierce, Director of Finance",,PO Box 1902,,,Providence,RI,02912,5013100,5013100.0,,144 Angell St,"Attn: Lidia Pierce, Director of Finance",41.99186289315728,-71.51089907906653,"144, Angell Street, Bernon Heights, Woonsocket, Providence County, Rhode Island, 02895, United States"
38886,010-0733-0000,0,0,0,79,School,E01,Non Residential Exempt,250.0,Thayer,St,250 Thayer St,Providence,02906,,,Brown University,"Attn: Lidia Pierce, Director of Finance",,PO Box 1902,,,Providence,RI,02912,272600,272600.0,,250 Thayer St,"Attn: Lidia Pierce, Director of Finance",41.828403,-71.400799,"250, Thayer Street, College Hill, Providence, Providence County, Rhode Island, 02912, United States"
38887,010-0735-0000,0,0,0,79,School,E01,Non Residential Exempt,85.0,Brown,St,85 Brown St,Providence,02906,,,Brown University,"Attn: Lidia Pierce, Director of Finance",,PO Box 1902,,,Providence,RI,02912,279600,279600.0,,85 Brown St,"Attn: Lidia Pierce, Director of Finance",41.82513500032237,-71.40263179469642,"85, Brown Street, College Hill, Providence, Providence County, Rhode Island, 02912, United States"
39074,010-0030-0000,0,0,0,14,CI Vacant Land,C01,C01,199.0,Canal,St,199 Canal St,Providence,02903,OF DESIGN,RHODE ISLAND SCHOOL,RHODE ISLAND SCHOOL OF DESIGN,2 COLLEGE RD,,,,,PROVIDENCE,RI,02903,941000,0.0,34534.72,199 Canal St,2 COLLEGE RD,41.828374,-71.410536,"199, Canal Street, Downtown, Providence, Providence County, Rhode Island, 02903, United States"
39100,010-0298-0000,0,0,0,14,CI Vacant Land,C01,C01,215.0,Meeting,St,215 Meeting St,Providence,02906,,,Brown University,"Attn: Lidia Pierce, Director of Finance",,PO Box 1902,,,Providence,RI,02912,521800,0.0,19150.08,215 Meeting St,"Attn: Lidia Pierce, Director of Finance",41.82909860869565,-71.40053760869566,"215, Meeting Street, College Hill, Providence, Providence County, Rhode Island, 02906, United States"
39103,010-0302-0000,0,0,0,6,Commercial II,C01,C01,272.0,Thayer,St,272 Thayer St,Providence,02906,,,Brown University,"Attn: Lidia Pierce, Director of Finance",,PO Box 1902,,,Providence,RI,02912,3673800,0.0,134828.48,272 Thayer St,"Attn: Lidia Pierce, Director of Finance",41.829310750000005,-71.40101091769692,"272, Thayer Street, College Hill, Providence, Providence County, Rhode Island, 02912, United States"
39126,012-0050-00TX,0,0,0,6,Commercial II,C01,C01,104.0,South Water,,104 South Water,Providence,02903,,,Brown University,"Attn: Lidia Pierce, Director of Finance",,PO Box 1902,,,Providence,RI,02912,3848430,0.0,141237.4,104 South Water,"Attn: Lidia Pierce, Director of Finance",,,
39127,012-0050-00TX,0,0,0,6,Commercial II,C01,C01,121.0,South Main,St,104 South Water,Providence,,,,Brown University,"Attn: Lidia Pierce, Director of Finance",,PO Box 1902,,,Providence,RI,02912,3848430,0.0,141237.4,121 South Main St,"Attn: Lidia Pierce, Director of Finance",,,
39128,012-0073-0000,0,0,0,6,Commercial II,C01,C01,155.0,South Main,,155 South Main,Providence,02903,,,Brown University,"Attn: Lidia Pierce, Director of Finance",,PO Box 1902,,,Providence,RI,02912,6262500,0.0,229833.76,155 South Main,"Attn: Lidia Pierce, Director of Finance",,,
39154,012-0408-0000,0,0,0,5,Commercial I,C01,C01,83.0,Benevolent,St,83 Benevolent St,Providence,02906,,,Brown University,"Attn: Lidia Pierce, Director of Finance",,PO Box 1902,,,Providence,RI,02912,506400,0.0,18584.88,83 Benevolent St,"Attn: Lidia Pierce, Director of Finance",41.82468121095257,-71.40306168916194,"83, Benevolent Street, College Hill, Providence, Providence County, Rhode Island, 02912, United States"
39165,013-0017-0000,0,0,0,4,Combination,C01,C01,172.0,Cushing,St,172 Cushing St,Providence,02906,,,Brown University,"Attn: Lidia Pierce, Director of Finance",,PO Box 1902,,,Providence,RI,02912,983200,0.0,36083.44,172 Cushing St,"Attn: Lidia Pierce, Director of Finance",41.83020835714286,-71.39951007142857,"172, Cushing Street, College Hill, Providence, Providence County, Rhode Island, 02906, United States"
39166,013-0018-0000,0,0,0,14,CI Vacant Land,C01,C01,190.0,Cushing,St,190 Cushing St,Providence,02906,,,Brown University,"Attn: Lidia Pierce, Director of Finance",,PO Box 1902,,,Providence,RI,02912,123600,0.0,4536.12,190 Cushing St,"Attn: Lidia Pierce, Director of Finance",41.83023857142857,-71.39907871428572,"190, Cushing Street, College Hill, Providence, Providence County, Rhode Island, 02906, United States"
39167,013-0019-0000,0,0,0,14,CI Vacant Land,C01,C01,459.0,Brook,St,459 Brook St,Providence,02906,,,Brown University,"Attn: Lidia Pierce, Director of Finance",,PO Box 1902,,,Providence,RI,02912,424900,0.0,15593.84,459 Brook St,"Attn: Lidia Pierce, Director of Finance",41.8189474,-71.3981355,"Brook Street, Fox Point, Providence, Providence County, Rhode Island, 02906, United States"
39173,013-0030-0000,0,0,0,6,Commercial II,C01,C01,271.0,Thayer,St,271 Thayer St,Providence,02906,,,Brown University,"Attn: Lidia Pierce, Director of Finance",,PO Box 1902,,,Providence,RI,02912,2691600,0.0,98781.72,271 Thayer St,"Attn: Lidia Pierce, Director of Finance",41.8293263,-71.40054415,"City Sports, 271, Thayer Street, College Hill, Providence, Providence County, Rhode Island, 02912, United States"
39192,013-0075-0000,0,0,0,5,Commercial I,C01,C01,118.0,Waterman,St,118 Waterman St,Providence,02906,,,Brown University,"Attn: Lidia Pierce, Director of Finance",,PO Box 1902,,,Providence,RI,02912,2090100,0.0,76706.68,118 Waterman St,"Attn: Lidia Pierce, Director of Finance",41.827600149999995,-71.39912075000001,"Citizens Bank, 118, Waterman Street, College Hill, Providence, Providence County, Rhode Island, 02912, United States"
39401,016-0158-0000,0,0,0,14,CI Vacant Land,C01,C01,242.0,Brook,St,242 Brook St,Providence,02906,,,Brown University,"Attn: Lidia Pierce, Director of Finance",,PO Box 1902,,,Providence,RI,02912,83600,0.0,3068.12,242 Brook St,"Attn: Lidia Pierce, Director of Finance",41.82374711538461,-71.39891223076923,"242, Brook Street, College Hill, Providence, Providence County, Rhode Island, 02906, United States"
39403,016-0163-0000,0,0,0,6,Commercial II,C01,C01,252.0,Brook,St,252 Brook St,Providence,02906,,,Brown University,"Attn: Lidia Pierce, Director of Finance",,PO Box 1902,,,Providence,RI,02912,452400,0.0,16603.08,252 Brook St,"Attn: Lidia Pierce, Director of Finance",41.823885,-71.398933,"252, Brook Street, College Hill, Providence, Providence County, Rhode Island, 02906, United States"
39404,016-0163-0000,0,0,0,6,Commercial II,C01,C01,248.0,BROOK,,252 Brook St,,,,,Brown University,"Attn: Lidia Pierce, Director of Finance",,PO Box 1902,,,Providence,RI,02912,452400,0.0,16603.08,248 BROOK,"Attn: Lidia Pierce, Director of Finance",34.4398633050446,-82.4004238111995,"252, Brook Street, Honea Path, Anderson County, South Carolina, 29654, United States"
39405,016-0163-0000,0,0,0,6,Commercial II,C01,C01,250.0,BROOK,,252 Brook St,,,,,Brown University,"Attn: Lidia Pierce, Director of Finance",,PO Box 1902,,,Providence,RI,02912,452400,0.0,16603.08,250 BROOK,"Attn: Lidia Pierce, Director of Finance",34.4398633050446,-82.4004238111995,"252, Brook Street, Honea Path, Anderson County, South Carolina, 29654, United States"
39446,016-0517-0000,0,0,0,14,CI Vacant Land,C01,C01,116.0,Power,St,116 Power St,Providence,02906,,,Brown University,"Attn: Lidia Pierce, Director of Finance",,PO Box 1902,,,Providence,RI,02912,95900,0.0,3519.56,116 Power St,"Attn: Lidia Pierce, Director of Finance",41.823287,-71.396874,"116, Power Street, College Hill, Providence, Providence County, Rhode Island, 02912, United States"
39463,016-0634-0000,0,0,0,5,Commercial I,C01,C01,248.0,Brook,St,248 Brook St,Providence,02906,,,Brown University,"Attn: Lidia Pierce, Director of Finance",,PO Box 1902,,,Providence,RI,02912,661800,0.0,24288.08,248 Brook St,"Attn: Lidia Pierce, Director of Finance",41.82382984615384,-71.39892469230769,"248, Brook Street, College Hill, Providence, Providence County, Rhode Island, 02906, United States"
39633,020-0097-001A,0,0,0,24,Commercial Condo,C01,C01,135.0,Dyer,St,135 Dyer St,Providence,02903,OF DESIGN,RHODE ISLAND SCHOOL,RHODE ISLAND SCHOOL OF DESIGN,2 COLLEGE RD,,,,,PROVIDENCE,RI,02903,371800,0.0,13645.08,135 Dyer St,2 COLLEGE RD,41.82287551724138,-71.40840496551724,"135, Dyer Street, Downtown, Providence, Providence County, Rhode Island, 02903, United States"
39636,020-0097-002A,0,0,0,24,Commercial Condo,C01,C01,135.0,Dyer,St,135 Dyer St,Providence,02903,OF DESIGN,RHODE ISLAND SCHOOL,RHODE ISLAND SCHOOL OF DESIGN,2 COLLEGE RD,,,,,PROVIDENCE,RI,02903,473000,0.0,17359.12,135 Dyer St,2 COLLEGE RD,41.82287551724138,-71.40840496551724,"135, Dyer Street, Downtown, Providence, Providence County, Rhode Island, 02903, United States"
39718,020-0205-00TX,0,0,0,6,Commercial II,C01,C01,198.0,Dyer,St,198 Dyer St,Providence,02903,,,Brown University,"Attn: Lidia Pierce, Director of Finance",,PO Box 1902,,,Providence,RI,02912,2325500,0.0,85345.88,198 Dyer St,"Attn: Lidia Pierce, Director of Finance",41.82313706149563,-71.40843765985902,"198, Dyer Street, Downtown, Providence, Providence County, Rhode Island, 02904, United States"
39747,020-0353-0000,0,0,0,6,Commercial II,C01,C01,194.0,Richmond,St,194 Richmond St,Providence,02905,,,Brown University,"Attn: Lidia Pierce, Director of Finance",,PO Box 1902,,,Providence,RI,02912,1772000,0.0,65032.4,194 Richmond St,"Attn: Lidia Pierce, Director of Finance",41.81932655357143,-71.40928823214286,"194, Richmond Street, Providence Jewelry Manufacturing Historic District, Downtown, Providence, Providence County, Rhode Island, 02903, United States"
39801,021-0127-00TX,0,0,0,6,Commercial II,C01,C01,233.0,Richmond,St,233 Richmond St,Providence,02905,,,Brown University,"Attn: Lidia Pierce, Director of Finance",,PO Box 1902,,,Providence,RI,02912,3085200,0.0,113226.84,233 Richmond St,"Attn: Lidia Pierce, Director of Finance",41.81869,-71.40889,"233, Richmond Street, Providence Jewelry Manufacturing Historic District, Downtown, Providence, Providence County, Rhode Island, 02903, United States"
39802,021-0141-0000,0,0,0,6,Commercial II,C01,C01,349.0,Eddy,St,349 Eddy St,Providence,02905,,,Brown University,"Attn: Lidia Pierce, Director of Finance",,PO Box 1902,,,Providence,RI,02912,545500,0.0,20019.88,349 Eddy St,"Attn: Lidia Pierce, Director of Finance",41.818366,-71.40768457142858,"349, Eddy Street, Providence Jewelry Manufacturing Historic District, Downtown, Providence, Providence County, Rhode Island, 02903, United States"
39844,021-0340-0001,0,0,0,24,Commercial Condo,C01,C01,365.0,Eddy,St,365 Eddy St,Providence,02905,,,Brown University,"Attn: Lidia Pierce, Director of Finance",,PO Box 1902,,,Providence,RI,02912,188100,0.0,6903.28,365 Eddy St,"Attn: Lidia Pierce, Director of Finance",41.81800954545455,-71.40743463636363,"365, Eddy Street, Downtown, Providence, Providence County, Rhode Island, 02903, United States"
39845,021-0340-0002,0,0,0,24,Commercial Condo,C01,C01,365.0,Eddy,St,365 Eddy St,Providence,,,,Brown University,"Attn: Lidia Pierce, Director of Finance",,PO Box 1902,,,Providence,RI,02912,245100,0.0,8995.2,365 Eddy St,"Attn: Lidia Pierce, Director of Finance",,,
39860,021-0407-0000,0,0,0,6,Commercial II,C01,C01,7.0,Point,St,7 Point St,Providence,02905,,,Brown University,"Attn: Lidia Pierce, Director of Finance",,PO Box 1902,,,Providence,RI,02912,4123100,0.0,151317.8,7 Point St,"Attn: Lidia Pierce, Director of Finance",41.81685857142857,-71.40674414285715,"7, Point Street, Downtown, Providence, Providence County, Rhode Island, 02903, United States"
43995,010-0718-00TX,0,0,0,6,Commercial II,C01,C01,164.0,Angell,St,164 Angell St,Providence,02906,,,Brown University,"Attn: Lidia Pierce, Director of Finance",,PO Box 1902,,,Providence,RI,02912,8398900,0.0,308239.64,164 Angell St,"Attn: Lidia Pierce, Director of Finance",41.9916836734694,-71.51084793867153,"164, Angell Street, Bernon Heights, Woonsocket, Providence County, Rhode Island, 02895, United States"
44210,013-0315-0000,0,0,0,14,CI Vacant Land,C01,C01,240.0,Meeting,St,240 Meeting St,Providence,02906,,,Brown University,"Attn: Lidia Pierce, Director of Finance",,PO Box 1902,,,Providence,RI,02912,65800,0.0,1751.88,240 Meeting St,"Attn: Lidia Pierce, Director of Finance",41.82927606818182,-71.40033543181819,"240, Meeting Street, College Hill, Providence, Providence County, Rhode Island, 02906, United States"
